external_id,source,source_posting_id,published_at,acquired_at,role_family_sampling_stratum,natural_or_challenge,challenge_stratum,text_sha256,normalised_text_sha256,duplicate_group_id
reed_55968647,reed,55968647,23/10/2025,2026-08-07T17:57:36.784926+00:00,business analyst,challenge,C1_lexical_low_coverage_semantic_disagreement,9578e3ae3e5d8425b239a8690c31ca2742d240b84deb64141715c11e88a29284,737d3b487b4f2704aa7e6eddaee2ce9c96fdd124044f1b2ede6d7363ba960742,2
reed_56212211,reed,56212211,16/12/2025,2026-08-07T17:57:36.785179+00:00,data analyst,challenge,C2_lexical_ambiguity_homonym,e0c1251070c7df461002fffe8aee9cba7acde6e18ff04bc8d06af004adb4e4a1,963503071111c8c74e8b16ea8e1f80f2caaec0f542df99b580950541d20e779a,3
reed_56764568,reed,56764568,09/04/2026,2026-08-07T17:57:36.785718+00:00,data analyst,natural,,3bb87aa3f14473e105e90edf1593f65a08fff77f5e88ba8bae5d5df150563538,2342807d74f54999bf165b64edc4c2c367fc5660092714459594f251f7df23f7,4
reed_56892652,reed,56892652,12/05/2026,2026-08-07T17:57:36.786294+00:00,other,natural,,19ed2cfbb84255f15332892cfc0d69522ea51788bc921077aabecf63a91fb8c8,46f3d6504e1f535140d86bbf610caeab0499f45b058991e77a7875455cf5e701,8
reed_56944815,reed,56944815,26/05/2026,2026-08-07T17:57:36.786477+00:00,marketing analyst,natural,,623e07e35e71cfa2374c5abe4452723b34e922407bd373278004725ffe0abacb,363d6929b6b55e0242eccf983a007e75e2dcdf337cd4422843463fe1f77a8806,9
reed_56971200,reed,56971200,02/06/2026,2026-08-07T17:57:36.786872+00:00,other,natural,,ee681881f6db6b6cbba7dae5d9f9cb5e4096c4ccc09a1000e64b83a15522ee37,5f223ef9204b2017fc341c7d3e4b225e336cf263f25b2d18999a6ab29c65b32e,10
reed_56990548,reed,56990548,05/06/2026,2026-08-07T17:57:36.786956+00:00,finance analyst,natural,,d757851e55b570e6a9de7d1130cafe0546b37be71db8496893691f7a73554b15,c98d13be364160b35103ea08311f19710138cbe597ba23d1444a4b0b6a4d2eb6,11
reed_57047061,reed,57047061,23/06/2026,2026-08-07T17:57:36.788371+00:00,other_analyst,challenge,C3_role_terminology_edge,84d3cd0c0fb225645d2c6138c2bef0b9bee0f78a542efd83407d628528f504c9,4d272dd161e7b2e81163e6f0afd84e530ca1ddd089428157fba084e2abf4f997,18
reed_57061486,reed,57061486,26/06/2026,2026-08-07T17:57:36.788866+00:00,data analyst,natural,,cfb91c70572adb782d00a0bc8474d76c584deba2939edbbbd15cb77a4d68b8cd,c14ecdc2d8507794e58d3849cf8d2bfda2e2b54e351ddebd50e4f4e25edefa9f,21
reed_57061897,reed,57061897,26/06/2026,2026-08-07T17:57:36.789514+00:00,other_analyst,natural,,24ec7c8963b70ed6d45d23ff1cabfdb2e589430e8f8a0add7231b5d1c5579116,ac4af95ff03bf62cddad724f15862687bc4868127ea36073db86dcf05485eca1,25
reed_57062355,reed,57062355,26/06/2026,2026-08-07T17:57:36.789684+00:00,other,natural,,3d9047e5b25a62f0678bfa5dfd82591974e0ca27c29d63e7da9301931ce4a55a,79204ce99804219418eb861762efab1389f3853dfb030f280c651fb67e252beb,26
reed_57062733,reed,57062733,26/06/2026,2026-08-07T17:57:36.789740+00:00,business analyst,challenge,C1_lexical_low_coverage_semantic_disagreement,bb359740775479adba4c17bc71b2e79d0a7c3f5cd241f32b7bd21d2be5e33e06,afbc072f01a2d6055d3b4f44a0535ed12ae95610c2766ade5822072ae3eb3c70,27
reed_57063092,reed,57063092,26/06/2026,2026-08-07T17:57:36.789830+00:00,data analyst,challenge,C2_lexical_ambiguity_homonym,fc50e51f4d2b98e0acf53898fcbd7625ce4531304ce77709a3c4c96bab208717,aebc1ba1c3a69eedd4e199c0d27f0c9463c61463177500dc7f682fcbeb14ec72,28
reed_57063551,reed,57063551,26/06/2026,2026-08-07T17:57:36.790087+00:00,finance analyst,natural,,9859e4a9d776a1403dcd59c6c7964335684c7b05b06ea87bc2d0f1e1ef8cf665,984d5d3685bd903973ca1ac0011a65c0cabd32b77c60ff5871c4217396c0f380,30
reed_57063599,reed,57063599,26/06/2026,2026-08-07T17:57:36.790178+00:00,other_analyst,challenge,C3_role_terminology_edge,637b39b4e96b7323365ef78a07990696777f16cc5142985648f2e9f1623a27cc,d6d258300224370b3cb8f192b4ec5e136c20f229d1877e2b14bce984ef6ac3c0,31
reed_57064372,reed,57064372,26/06/2026,2026-08-07T17:57:36.790332+00:00,other_analyst,natural,,75b89b35ed4d4d3402075e4764aa455c51c51c2950259aafc2d6425f4eb91428,e09c3d3403591747971f91b1a7627a0162a961820073e1465a3971b11b6bae84,33
reed_57064424,reed,57064424,26/06/2026,2026-08-07T17:57:36.790430+00:00,business analyst,natural,,d1067a2ff2e835ea4262efdc0a1394f779ee7e8b35f540b6bc02f1862c797d3a,07c2c514eef748d6062f567f6e098cc0e800770a89d52a48e426c76b710c03d4,34
reed_57064463,reed,57064463,26/06/2026,2026-08-07T17:57:36.790588+00:00,business analyst,challenge,C1_lexical_low_coverage_semantic_disagreement,74e2b27c05010cde02de8188a5d54898af85921234b9ae12e9e6cb2c4b74e1f1,cb85628853bdbd86adeaca93c08f513c9ea8079a236f777ee255e1334bcaf181,36
reed_57065133,reed,57065133,26/06/2026,2026-08-07T17:57:36.790794+00:00,other_analyst,natural,,57101a2629a3cd8c97199e6695a040a0390f24c6a3b74b097c6dfb96d62d94ce,bb9263ccea7b929cd30b61b288f493394989e9c2417828323e8694c10c8cd035,37
reed_57066045,reed,57066045,28/06/2026,2026-08-07T17:57:36.790939+00:00,business analyst,natural,,7368fcf53447a050ad5b9fe5c38a2bacaf5409fd545613d7bbc9e6724d633081,6879f9a0a0e2be818b48b65f6c9e265ffd8c7c28e33a7e840abbf0cfc94f0d79,39
reed_57066700,reed,57066700,29/06/2026,2026-08-07T17:57:36.791195+00:00,business analyst,challenge,C1_lexical_low_coverage_semantic_disagreement,57fca42ac08b4264e7f82020af8bacdb385f8b10a82731e6a141d1eaede17038,619f04af59657c1ba35250e8dd4681ccf2c895c76303ea8f3ebf55665d1ff05f,41
reed_57066708,reed,57066708,29/06/2026,2026-08-07T17:57:36.791294+00:00,other_analyst,natural,,348cb1d7d9aaa89ed4ecc29fe4b8ac2ae9d75bf2b6827679fdb49a48c129d982,67669e331f6c5e40b60cc4607e46fe46dee8dfc315c073b4d4dfad42ef671aa3,42
reed_57066822,reed,57066822,29/06/2026,2026-08-07T17:57:36.791389+00:00,finance analyst,natural,,359ee01d0587b6cd8fc1b4d89909a8b5ccf1838806fc979e3d4b9d6f42b1d081,b33b32ba7f9517506cee6d04c860b3e4af6e73d4771b172b74bb3d03ef48e4b6,43
reed_57067097,reed,57067097,29/06/2026,2026-08-07T17:57:36.792003+00:00,business analyst,natural,,83e72759f50f128dfbeb0f20608b3d77fb36bc99df94c236baa6712211e1813e,c18773fb2ea6bfeef63968f24862c26374735c224d7ecd965a0e3160d1ee2651,46
reed_57067252,reed,57067252,29/06/2026,2026-08-07T17:57:36.792408+00:00,other_analyst,natural,,974ae72cd2948c667242390590c0aecef5299312fd532d7d2713bd91ce714bd9,11b733f1f993322745b818e299a91335ee28ee9aef8aefd21802b80fa7cc92b4,47
reed_57068859,reed,57068859,29/06/2026,2026-08-07T17:57:36.793138+00:00,business analyst,natural,,3abcf0e935b4a5c765d3ca03c60e4df861b7cafd3ac174ef56a2a0f6ff4b96d7,0c5e67acc260085f3eef85537d3247342c67c0d15447706170d5d278f7e32808,50
reed_57069134,reed,57069134,29/06/2026,2026-08-07T17:57:36.793281+00:00,business analyst,challenge,C1_lexical_low_coverage_semantic_disagreement,99eb2fffafb589a4b3be10a15aac5419ec3d166066b7a8e8db57e74f854bb0de,2d1043926444a7acd99ce793c8f3a45b8bd1ea5f518553d5793cbd398733edad,51
reed_57069135,reed,57069135,29/06/2026,2026-08-07T17:57:36.793452+00:00,data scientist,natural,,8002055990f263e13dcc307ccbf6a6913d91f8f207e67392f174e30463fd9da4,03868227b4d4ab72359eab0700d68384a6bea0e0d779da2e4d32e78ade8ac87a,52
reed_57069266,reed,57069266,29/06/2026,2026-08-07T17:57:36.793522+00:00,business analyst,natural,,42ad5aa40e5782e75b947ad552cd7b05574f58003d5185f329c8bf8bd200d6c0,f4f3a88fd95148ac6493141fb6255fcb8733e1c3af3c0429f0f8badd5936ede6,53
reed_57069528,reed,57069528,29/06/2026,2026-08-07T17:57:36.793818+00:00,other_analyst,challenge,C2_lexical_ambiguity_homonym,dda4900321abf374057205c08a277a34187d75856fb65356d12fcf08bc84f7f8,7b864d819ec3d46d5d3d90db4059eb3a48612d15cba01a3055a63715dd7f1dc1,56
reed_57069551,reed,57069551,29/06/2026,2026-08-07T17:57:36.793869+00:00,business analyst,challenge,C2_lexical_ambiguity_homonym,c6beeb122c78d8d515c0a33d639abfbcc2cc8a5c1e0ffffce0b303f334e02b8f,110a81c26f3a253885c22b342f5e6cc999018e2f7a63cbc77cb01d0aaa6e4a3c,57
reed_57069979,reed,57069979,29/06/2026,2026-08-07T17:57:36.794437+00:00,data analyst,natural,,8589149db3ff7d60fdd4d4a725613bf8cce4a11e3ce6b535ed8f43b81659f2ad,be81694b67243ec8e73b17ab9db331bf0ad5603399af17cad4f9c0a994e21521,59
reed_57070591,reed,57070591,30/06/2026,2026-08-07T17:57:36.857929+00:00,finance analyst,natural,,8e9d6d168f82cf6dc0ce9f848464b8ccff49a99aaf2e74937e5630368420ae68,4453fe591415022b43a08db0875abd589455dbfdc7bf71ba65f8075394871b82,461
reed_57071047,reed,57071047,30/06/2026,2026-08-07T17:57:36.795250+00:00,business analyst,challenge,C1_lexical_low_coverage_semantic_disagreement,d2fd7abc6cd785e9f070238a8bf593c6c7f08004059dfe610afd35c39ab9b99c,0b325544a387709092fee63c3a58fb2037b66d95c2f405260b2a7f7ede364b88,62
reed_57071074,reed,57071074,30/06/2026,2026-08-07T17:57:36.795335+00:00,other_analyst,natural,,b53e9f509c44a40c60c0e055f6d1cdef2433c8d8af2b3886e49217b504132458,48d2fd2fded21cb6c3c3e34965a9ae93fce4b24737f43d63b56cd1f8eaf3c418,63
reed_57071240,reed,57071240,30/06/2026,2026-08-07T17:57:36.795525+00:00,business analyst,natural,,2b4e305c7fee5a6f812c3eb45a3cafc16773a9b2ccca518aa8c2310c328e4d74,c13fcd1b626d173d7225d7496a94681dec44ac21e2881022e9e07476d5fd6aea,65
reed_57071511,reed,57071511,30/06/2026,2026-08-07T17:57:36.795795+00:00,finance analyst,natural,,11cb84d292f060949ffaf8ff34c9684102e11c25cf319e1ce642d4d0c7ded6d1,400ab4d20b30d1f9d0bfb569fb886ab1b7dba8790022d9840bfc0de76d26da43,68
reed_57072201,reed,57072201,30/06/2026,2026-08-07T17:57:36.796232+00:00,other_analyst,challenge,C1_lexical_low_coverage_semantic_disagreement,d86efa5aecbc0eef332f1d7e1ceff44ef01db7aed00198b2a0b262556b290b1d,f97e34f660fc4e3b313120942517e9fac65b7f5c0b3278367f55d8f4ec7eda5f,72
reed_57072443,reed,57072443,30/06/2026,2026-08-07T17:57:36.796384+00:00,other_analyst,natural,,ee0e1a54c4d4d94084eb02f6a58b5f756c88bdeeda33232eb66e45d3fb087edf,e649e49fe16d8dae38b079543100f56f2c5d15c69d5d687931cbe384571baf08,73
reed_57072787,reed,57072787,30/06/2026,2026-08-07T17:57:36.796600+00:00,finance analyst,natural,,9a6fbf02f2a73f4a8c0b392abcaeb76ae0ce14a32db4ee1e2fe8f651988b4467,af38b55b6f7410e7c64c46108c783d919caede6ab45c4cad5a5cc525fa2ddb59,74
reed_57072819,reed,57072819,30/06/2026,2026-08-07T17:57:36.796676+00:00,other_analyst,challenge,C3_role_terminology_edge,7e357c7842c00e136b5c3d7441f74bf15db245187f13ed3641a2fdd557538c75,e38afc7713971c1865c142ce97cbd878600bb9e3ac7d91ed5e7914f8d85104bd,75
reed_57073227,reed,57073227,30/06/2026,2026-08-07T17:57:36.797452+00:00,other_analyst,natural,,ace7cf6e3fb87da2cedb7b26b78dbb15f3437550ad4409c2de15f5dc4c912767,1cac3a06a96a9d87e2cfa54af462053a2480f2095e5dce2e8331097233cc6ad8,78
reed_57073937,reed,57073937,30/06/2026,2026-08-07T17:57:36.798025+00:00,other_analyst,challenge,C3_role_terminology_edge,139be2621ac75ebdff19375bc010ad44ad133929fa52e7125cd1211f90cbab82,9c085b5b0f2578352bd17005227326c261823aa5095814fe196a144638c06b23,80
reed_57074013,reed,57074013,30/06/2026,2026-08-07T17:57:36.798179+00:00,business analyst,challenge,C1_lexical_low_coverage_semantic_disagreement,05e7cf1fa64ae3a567f6592581005293778e2a42d50b28bc817f700a046d8d48,091754b15a6f971a5ffc676e2de481c2a890b6d16abf6781c73a1ea6b209ea2c,82
reed_57074249,reed,57074249,30/06/2026,2026-08-07T17:57:36.798329+00:00,other_analyst,challenge,C2_lexical_ambiguity_homonym,03c1ba356646ac7a0bba7c4c047c1775134e2703691e6e4a2622c39ac4464b0d,ff41f51c8e4f1779a9aa1df9e8fb0c9b8b161cae2584640c1d5c15afe7ddc01b,84
reed_57076739,reed,57076739,01/07/2026,2026-08-07T17:57:36.858009+00:00,other_analyst,challenge,C3_role_terminology_edge,7c6cf49921ed161b6f094a8626920d413028f5a25f42ac08e84f49ae1987f04e,93ec0d47364cc7406c0f87e93449c8e48d7ea98ed517ed969c6d51f2c23009b5,462
reed_57076931,reed,57076931,01/07/2026,2026-08-07T17:57:36.799102+00:00,other_analyst,natural,,3da7521f6202e2fe6c9274227bfcbed4a5c7d3b17870560e992cb85e09dde1c3,65d7d18c79320a7055161f4895a9051a62bc335d42382982f1d40851c0e63456,87
reed_57077074,reed,57077074,01/07/2026,2026-08-07T17:57:36.799181+00:00,other_analyst,natural,,61820af78c06148025f9fb80806d1bf3722d6caf2223874c2b9288044e73cffe,d97f3502c019128b2f3086fd672512e826d40fdc0fbf27d903389796c8305ac0,88
reed_57078006,reed,57078006,01/07/2026,2026-08-07T17:57:36.799457+00:00,other_analyst,natural,,c61bd0388cb07f250e7e18687d894fbb24c6b142e6521d99c9e6658671e8cae0,d41c0bd165f017f545723314e0bfd4dc9f9ab66d7ab01a1ae812e02fa7b86d3c,91
reed_57078022,reed,57078022,01/07/2026,2026-08-07T17:57:36.799588+00:00,other_analyst,natural,,1ce57e99b244ed73b96976459e60d4efa525621cbed4a0de89d69b7fb44f0894,ac586012b8660806e3ead5170f1161eba37cb055778ea7e8d36c100f03ec38ab,92
reed_57078582,reed,57078582,01/07/2026,2026-08-07T17:57:36.799763+00:00,finance analyst,natural,,093d218e28c948ec230ebe0cd2b7496c6c9c802bf0b58c78aa0d3ffd6831c5a1,f1109b78a5c120808786bc36b3363b6aacbf8d1c6f9cfa12dd8fd5fe27392db2,93
reed_57078929,reed,57078929,01/07/2026,2026-08-07T17:57:36.799949+00:00,other_analyst,challenge,C3_role_terminology_edge,f555ee37c5c400ad395d1845fae8461b1600c85ad71b34ab379173a58a4825c6,a35f4469b6d6b957feb77fcb1ffb40cbe80f89e27505e98c217b7c569d52cb0f,94
reed_57078957,reed,57078957,01/07/2026,2026-08-07T17:57:36.800106+00:00,data scientist,natural,,77e2ac51d187525524e463cb1a451eb2e0b0a9d004a7f36985256ebbe81f5179,a16c5c06a40982835b081402a3b38db560970f86dfd507e0cac1b8595424e880,95
reed_57079032,reed,57079032,01/07/2026,2026-08-07T17:57:36.800292+00:00,other_analyst,challenge,C1_lexical_low_coverage_semantic_disagreement,0417f8238e48e20e5d814f8ec2470556f04aecdf5822139d8ae6001304c2a67b,8a44da5f24ef342eca242fab2fe7e972ef150a48758ebc4207f7d1e493ffaa12,96
reed_57079200,reed,57079200,01/07/2026,2026-08-07T17:57:36.800377+00:00,other_analyst,challenge,C3_role_terminology_edge,9bcd8a3b79e623a17548e2a1952a595ff12a1de6974715afcefffe9dc1be4c5b,d8a821a91cec99846ece737ebc10f47f5296a4ec82dea2fa3a752b8a22a423cc,97
reed_57079924,reed,57079924,01/07/2026,2026-08-07T17:57:36.800780+00:00,business analyst,challenge,C2_lexical_ambiguity_homonym,9aa76cd5425b813f9e7352640318543d2604991f2eca12b1acd2d519c6f1ba76,4e39efaf4d28da001d6031967bc7d64ea61344264de678bd929991977deea889,99
reed_57080902,reed,57080902,02/07/2026,2026-08-07T17:57:36.801367+00:00,other_analyst,challenge,C3_role_terminology_edge,e6bd3bdc9da26dc19d3ef5b9763f1bc9e8e9fc337931fc2236d32b1bee9e0e1a,56c48f853e83d8a15b3ff82377a3266366550dd302e5c2c2d051c337b522d69c,104
reed_57080956,reed,57080956,02/07/2026,2026-08-07T17:57:36.801491+00:00,business analyst,natural,,74f2dd8184066c9c50a47a2994a2152aa59d1e5ea15b6ecd15dae63482a6c7dd,5ace1b2e36c7a4e85dfc29d529058f3f8e314d2526581edfcf033059db9e2dba,105
reed_57081041,reed,57081041,02/07/2026,2026-08-07T17:57:36.801565+00:00,business analyst,natural,,9df396495069b482057b3b1de72a0953d5aa6ed024c40386599ec8355f5b29b8,a49adea2ddb44fa5c38cda8d985a73ff200cb5b759708da210bb0693e74c6bd3,106
reed_57081108,reed,57081108,02/07/2026,2026-08-07T17:57:36.801659+00:00,other_analyst,challenge,C3_role_terminology_edge,72f1ca90a92a162d84ad071d3ff786927ae2980ea6c193e79e672370eacf7644,a233b228f40f584b7974c34755ba8dc94877140e06c92cf4c60bd5151780b683,107
reed_57081178,reed,57081178,02/07/2026,2026-08-07T17:57:36.801782+00:00,business analyst,natural,,b18f9b0559b0a244b5d96b31fb221444262421ae3422e86a812e27556343c08f,e08c0e3fef555da5ed24a7f590ce1aab702ed89711faace11acda3764f7de145,108
reed_57081315,reed,57081315,02/07/2026,2026-08-07T17:57:36.802065+00:00,data analyst,natural,,2abd2f9034788d22a9634004dc82192f545726a40a5990ce870ffe1542017ece,89647c5225a8d5c8c33952572ad123f46902f385b2fa2b9e0dfd49405c819134,109
reed_57081478,reed,57081478,02/07/2026,2026-08-07T17:57:36.802168+00:00,business analyst,challenge,C1_lexical_low_coverage_semantic_disagreement,305807b96469e52628aa684eec77652548145ea7fe272b51fd99562c3ec200fa,6e510bf31752a000290eb1d479796646b426442f814880f5a15716530ab739fa,110
reed_57082273,reed,57082273,02/07/2026,2026-08-07T17:57:36.803087+00:00,business analyst,challenge,C1_lexical_low_coverage_semantic_disagreement,e028b1fa7bce1ee0bacddac9376bb863f88a9f29a67d0f8031521c00d1401ff2,094c2e6fc158a696572f65f6862a3f8c5592fb502bb3881accef558e8aa3519a,115
reed_57082491,reed,57082491,02/07/2026,2026-08-07T17:57:36.803289+00:00,other_analyst,natural,,5af8292c439eaeaeec46b5d1a7f04d714ff6d32681a7f70692376b04a33fbe52,f18aa6e6c2f04b974a5fd2f54db15c75a2b863eb57dea39835bf3e22da0a8617,116
reed_57082548,reed,57082548,02/07/2026,2026-08-07T17:57:36.803620+00:00,business analyst,natural,,620ac8f76dabc142893fcf90d97eb67efcc76be00dc891109f1baf6a226fee80,bd45ea6093ffb05d032f57465b241cd16c42edc68da302b44cc62c6c945aa534,118
reed_57082925,reed,57082925,02/07/2026,2026-08-07T17:57:36.803882+00:00,business analyst,natural,,72c71ccd94c3be91cad1bc0014e6e2df1ee8be56ccd2bf490544b198aaae9141,ddbd85d32268cda4f93518fbb22949e842070ce21c77630252fe41a1227a78b2,120
reed_57083149,reed,57083149,02/07/2026,2026-08-07T17:57:36.804055+00:00,other,challenge,C3_role_terminology_edge,32752a16b0f323df148178893a9c3a98edf832c781920513e9d92ef948a6fbb2,9edfa8e981b5d4798d9f5c808258b26e5ebdee0ea7ff11a3d117f190bdc1d8a1,121
reed_57083434,reed,57083434,02/07/2026,2026-08-07T17:57:36.804362+00:00,other_analyst,challenge,C2_lexical_ambiguity_homonym,e0bd43f2d2542c1017b399cdbe238c570c6b024f2ca7a788f34b6348aa549868,91a0735fbe80e4242a25988b6c75a397cf83a04f740f9ad6be9affe79fd41d33,122
reed_57083563,reed,57083563,02/07/2026,2026-08-07T17:57:36.804421+00:00,business analyst,natural,,0b417bb52a810de5ba03c07eff0cba8d5f06d3335921010bbf4ffa8e3f985f3d,56390f29451b471abc2fbd2afe18e1199eac840edc94efa0a03bb2ecd2f5e625,123
reed_57083721,reed,57083721,02/07/2026,2026-08-07T17:57:36.804549+00:00,data analyst,challenge,C2_lexical_ambiguity_homonym,da52759cec66f6cb908c8a7d9a22d418767839f62d85ae38ea8a6b38d9d05407,f5f0cea165ba14bdaedfe1e10bbbb52bd5a7d83481e90b690b557cfd29bdda37,124
reed_57084243,reed,57084243,02/07/2026,2026-08-07T17:57:36.804811+00:00,finance analyst,natural,,aa108b5c83524c1bbecfdcca028c4873190ab1764ac87d119742932f5b2ff034,c55fda4836d48c354d11013d5a056ef901180919696568419164235af1592d25,126
reed_57084533,reed,57084533,02/07/2026,2026-08-07T17:57:36.805225+00:00,finance analyst,natural,,5fb5a757f9d8906dcc20416982605213d75b98231f64294338b7fe2e73122338,9e0ae37edbdfe9648f9b854d03ae1d5cced52b166e4378c2c0a058cf1c47ffc6,130
reed_57084697,reed,57084697,03/07/2026,2026-08-07T17:57:36.805368+00:00,business analyst,challenge,C1_lexical_low_coverage_semantic_disagreement,e5fd0d54ac6f74ee1f6676c3debe3392dda5b2b4f13ca5c895826a4c9e572daf,8756f8acd51e69e4e7b3ff311a44ee46ae570704f7c7bdc03768f15a9587e963,131
reed_57085113,reed,57085113,03/07/2026,2026-08-07T17:57:36.805579+00:00,business analyst,natural,,37949af9eb25e04e549377f9d57c3376482f6472c6e50e8a71a0310fb6d94e27,569aeb00e4e41d1956e1ef2ac9433206ce863170522da2f1750f53b43ef4bf1b,133
reed_57085754,reed,57085754,03/07/2026,2026-08-07T17:57:36.805800+00:00,other_analyst,challenge,C1_lexical_low_coverage_semantic_disagreement,cd31f2d8a850f92c79fc71f78e554dfcf3b1080c5a69459d5c98779173727cac,d9b130c6332ee2dc52132c4957d28a92a45bb8a7ea7253bfcf6505e91043fa5e,135
reed_57085757,reed,57085757,03/07/2026,2026-08-07T17:57:36.805876+00:00,business analyst,natural,,06905e58e41f1fd58330baa66675ff4a37889fe0667fd4b506d8ba97e9da0aec,d0633e34b1bbbfb95b497648d161afc755d7ed62b36044b22855529cf2ddb313,136
reed_57086104,reed,57086104,03/07/2026,2026-08-07T17:57:36.806021+00:00,business analyst,natural,,f4e01ed6ad6d659e2150d68835caea1d572df5078b21ac2850d0ae331da9f519,8a74f36a44ee3a3d511ff6870940c5a721b2911cd90ee97c2159a9c043d4149e,138
reed_57086285,reed,57086285,03/07/2026,2026-08-07T17:57:36.806406+00:00,finance analyst,natural,,86fc63dce6142c38d936407756c99ef7d707ac5bde619ccb7044a9d8f799de34,b852ba60ad8f94f5732bd8ef4c6a216901cae4897dfa872a95798629a2a6b152,139
reed_57088034,reed,57088034,03/07/2026,2026-08-07T17:57:36.806905+00:00,data analyst,natural,,538515e89d31bdda777a65348696aa03d92c6996aa8f059fa2522aefa42b3d01,3e4eb942ea6ed0958b2345bc0c48b3f41bb5e54212c95a4fe96bb3f36fe8c3ac,142
reed_57088775,reed,57088775,03/07/2026,2026-08-07T17:57:36.807078+00:00,finance analyst,natural,,66ad654939e23ef5ec1814d6fd799d3911b70f0a4527ff14365cd983ca5c621d,fc25a31ec1f5517c15173f86217e83ed536cde593fc08f111ee4d00f7187306d,143
reed_57091075,reed,57091075,06/07/2026,2026-08-07T17:57:36.807635+00:00,other,natural,,5e1c031c7bb5fe11b1a7acfb4c1ca4515391d4446331322a9ba4aec4e24c0c5a,c3fcface70628f045ed136bc0d45a64b2b3cb8db2cea4cda50f01d4eb4987189,147
reed_57091460,reed,57091460,06/07/2026,2026-08-07T17:57:36.807995+00:00,other_analyst,natural,,853edec296ff35fd7c12e1fc0e317543d383f1f9cea5719cfa25c79002340a69,2b9f59419940f4fbc4a60e3a12783ca89659988e6179fd969445c76d19ef621f,148
reed_57091464,reed,57091464,06/07/2026,2026-08-07T17:57:36.808148+00:00,business analyst,natural,,a425fc0fb47963bd3bf39aff849046d49c860ea758986dbf680beff614c36df6,79dd97b67f7d049e6d7a7484f462bcf8169025cb7eddc50f4fc30e2c70622b9a,149
reed_57091889,reed,57091889,06/07/2026,2026-08-07T17:57:36.808400+00:00,other_analyst,challenge,C3_role_terminology_edge,31059eae25f770198309948e4fadffb4f282ac3ab65b7a7b16ea97e1e028e15b,772f40502fce96150eb78265898452aee366c8f91620a9bc893be6aff2de4759,151
reed_57091965,reed,57091965,06/07/2026,2026-08-07T17:57:36.808703+00:00,business analyst,natural,,2ed0b8ccba94fe828d129f662dfba9f1cc3b5ec28bb1b6f54ef1de67c5c26a03,91c9fccb9e8a83f9644f2b1fc0b66270f059d88cf4f4b3e0633d13ec3af84bc7,152
reed_57091981,reed,57091981,06/07/2026,2026-08-07T17:57:36.808802+00:00,business analyst,challenge,C1_lexical_low_coverage_semantic_disagreement,793c45c37184d12790ed2c104c4a451313fb4dbc9005252c89ae534bb235688b,9e5e552388382ce9b4100d407004f2c1c6769a42c4e930cf23b67a299cc44d3c,153
reed_57092587,reed,57092587,06/07/2026,2026-08-07T17:57:36.809448+00:00,other_analyst,natural,,de7696328ff7c8a1d7cf8977182fecb2671c90574f5b5f02cd5d0d6f5dd33056,8191a88baabec6eb0cab0bd3758b09067863ce57e6669608e17276673808055f,157
reed_57092750,reed,57092750,06/07/2026,2026-08-07T17:57:36.809620+00:00,other_analyst,natural,,cfd006f189b265368dd00fc9ceed9673838bde91862679821f38bdb1a606a20f,08a1b59fe05182f9f3ddfe867c10508d3bdafc050965a6a8f5cb3e138325f79f,159
reed_57092823,reed,57092823,06/07/2026,2026-08-07T17:57:36.809769+00:00,other_analyst,natural,,6f51508932227e51ad397906b517bde30c25942562c5f39307587067890f695c,8512ee35b7106a740b729f7f419f5eb07612602488377a6b3f1cd1485cab4113,160
reed_57093658,reed,57093658,06/07/2026,2026-08-07T17:57:36.810126+00:00,business analyst,challenge,C1_lexical_low_coverage_semantic_disagreement,9cd73e8c7538267c16eefb62502529c7c4f5862beae65263797f866119206dc7,a8f1b3c2a4d0fe0889617f83b1ae8c0bd6bd9f5e69b809e95714b40851e96eb6,161
reed_57093827,reed,57093827,06/07/2026,2026-08-07T17:57:36.810227+00:00,other_analyst,natural,,1667e329c77e294179d983950cd9720ce80717aa77307da643a0d62abe8314b6,76751e84759a0f0cf1f0c628184bc3cea2ac51e177275321145e1c96131c0215,162
reed_57094734,reed,57094734,06/07/2026,2026-08-07T17:57:36.810666+00:00,finance analyst,challenge,C2_lexical_ambiguity_homonym,0bc9c205f7b7a0732c279646c1173c2d08e343ac7734b7c60e5d1f10b7c3b21f,8f82aa0fbe183214d98f9d0a5f8e3723cbc1f42fad965ef8174c8e2e29453ed7,166
reed_57095034,reed,57095034,06/07/2026,2026-08-07T17:57:36.811042+00:00,other_analyst,natural,,be85a87518bc5c81f498f10e14e0fb7272c3b217dcd496871d997ea2f7a0211c,92d023fd6166f8d58187dd9b25114494aa329f68aac33f890b80d44ffe813c99,167
reed_57095837,reed,57095837,07/07/2026,2026-08-07T17:57:36.811310+00:00,data analyst,challenge,C2_lexical_ambiguity_homonym,ff661b4a90a188081dbc174803c890d9232067b3501aa7c315dd31be9466ab8e,65e68c0a12f3126cebbe509e8b83c70663c463f0fa4d6b73c3aea0a0dd7b3c41,170
reed_57096150,reed,57096150,07/07/2026,2026-08-07T17:57:36.811739+00:00,finance analyst,natural,,0285a133cdce97301b84397df4c98b04bfe26c22263ac0116783c187da5e8876,7b163edb955275d4df8b976d06a92f541abdf9bce5c1ab035f08deeeb8320a8c,172
reed_57096165,reed,57096165,07/07/2026,2026-08-07T17:57:36.811829+00:00,other_analyst,natural,,5c501993f0cb37a09115f77454dbeae3054792b7813d95e4d9efbb2b5f27bb77,a866e8e0465fdf8adf83e6d9aeaac86a755353802e7c891e2924c05475b9ac57,173
reed_57096278,reed,57096278,07/07/2026,2026-08-07T17:57:36.812159+00:00,other_analyst,natural,,a967be5acd9da0f14d78b6c88e5d750d97120acdf5bc8bde5e30498fe9288ef2,dad80df74e7106ae3327cd1b071e1e77c7c03bf055ba5411ffaefa0e83534a49,175
reed_57096306,reed,57096306,07/07/2026,2026-08-07T17:57:36.812221+00:00,business analyst,challenge,C1_lexical_low_coverage_semantic_disagreement,5579973eec4bd717129435166d4cf9fd2380c475918f5ee8897fd206f7ef972b,b8803e2987c332574bfcc8b33cb81545cf8d2de8dfbccb0de1c98a79503a35e6,176
reed_57096383,reed,57096383,07/07/2026,2026-08-07T17:57:36.812424+00:00,data analyst,natural,,defdadc4704e4b462f39c532e15d591c3aefa3f2c240e4f7a99af32c62c5d636,d5da1902c496481435cf7c6674dc17b7e80e88f652e1e68d2ea42846c4fb1c80,177
reed_57096525,reed,57096525,07/07/2026,2026-08-07T17:57:36.812655+00:00,finance analyst,natural,,42386b84a2d95171032fe544816ef36c4845936a5a2c9b1e5a0833074007e1df,a5e963866a76c17c2f9c87ffdd7ce209ba40bd724d15a3db34e48d15fec01ea5,178
reed_57096691,reed,57096691,07/07/2026,2026-08-07T17:57:36.812991+00:00,other_analyst,challenge,C2_lexical_ambiguity_homonym,00863cd32fc5ef40f9fe91ca67d7afcadccbffc5acb612d5c278ac93ed7d014d,b3c6b10767b0422527f5e5224901dc02266a8fd3f05ab7affdbebf54e0c8d84e,179
reed_57096926,reed,57096926,07/07/2026,2026-08-07T17:57:36.813319+00:00,other_analyst,natural,,69ac8f72f84e846b060e485136ce4ad085b844d2b6b50d8ccd3cec77a8fbca8f,da959e941c5e000d444a65372be03b31ad0e3f7b40cfdb5aef2e58acaf8c3de2,180
reed_57096990,reed,57096990,07/07/2026,2026-08-07T17:57:36.813521+00:00,other_analyst,natural,,73196463d9ea44311f22449961473b6b6b390522cf08dec68afab928d5650aa0,393385fa261967ca8f5b528b839e42767ead2b1f10cbb800cad30cd3b95d217a,181
reed_57097208,reed,57097208,07/07/2026,2026-08-07T17:57:36.813636+00:00,business analyst,natural,,04868d762540413d1c051f578347a1834a801eee329e37a2f1630716a33caf9a,fa76ec1d4f1677a498f1ed44fc92bb6235a022a9f23717f77623c7176db52b44,182
reed_57098196,reed,57098196,07/07/2026,2026-08-07T17:57:36.814325+00:00,other_analyst,natural,,762a8bccf7d30703b03713117d20c18ffa33664657e3c6d7421e4bda2a6a74ea,4a5b58dccd0160c2dc2e57798e7774d856535078ec56fefc12a2ff4896ef42de,186
reed_57098371,reed,57098371,07/07/2026,2026-08-07T17:57:36.814556+00:00,business analyst,challenge,C1_lexical_low_coverage_semantic_disagreement,9d715d05244d14272940cfb61696e6798eba68d3573f78b89189066cecc1df53,7c80827b400789c96f17e0b872f7c5864a24a26f19293d5261a74ed1a7bb16cc,188
reed_57098512,reed,57098512,07/07/2026,2026-08-07T17:57:36.821021+00:00,other_analyst,challenge,C1_lexical_low_coverage_semantic_disagreement,36a8bf4191fdf57c10348f82d8cb35ad2a3fef8cbcb46ab55f429340a0476d4c,809cdbe39baea25f221ace76ac6bc3725059874d1e0dc5453333e91da892528f,238
reed_57098686,reed,57098686,07/07/2026,2026-08-07T17:57:36.814889+00:00,other_analyst,natural,,eba63f324bce0571923ec6868056904c6b6a2dd54f75cf4912c60d939fe95cae,ba1a2cccc44a5e028533f859bd3988b4d22909c20c0211f3c0d0998ab3725dd2,190
reed_57099112,reed,57099112,07/07/2026,2026-08-07T17:57:36.815186+00:00,business analyst,natural,,44c88e4c60526bdc18602e911363be44543fd788dbc61870c4f4c92bc032cdba,30cb9224a9769ace3c40b411bb601329af2a9bd2ec2b038826dfe36ffe636fbc,193
reed_57099360,reed,57099360,07/07/2026,2026-08-07T17:57:36.815433+00:00,other_analyst,natural,,99794e80676372efb3357c430c4b69c39d4bc1d8eb0ae710cb749fc00a8816e1,5ec53fd75a36a85173f032e0e83901aa264ad4bb3eb7de3639d304e7701fa077,194
reed_57099500,reed,57099500,07/07/2026,2026-08-07T17:57:36.815622+00:00,other_analyst,natural,,4b573188afe6c35955726d4fee3c48792e708d5f6632386c2b841fc7c5536c92,28e6a8e9d6447d00ca19fd6e07c91716573d7d34ca03b26a6fab1b4fc945cede,196
reed_57099568,reed,57099568,07/07/2026,2026-08-07T17:57:36.815939+00:00,other_analyst,natural,,97b746ad7e33f962bedebee22f2b9bac140cfa8f40adb6308003d807c34fb403,8d6ae9536be0e66f18fed094bee64703b8ac3bbafb6decb8046286048052a1c4,199
reed_57099607,reed,57099607,07/07/2026,2026-08-07T17:57:36.816259+00:00,finance analyst,natural,,36287a60f2bb54cf5cca7c1f741d8352105bf4866a76a5940a2acee049ebc946,62a4f2983b84bf7384283170b86f59460ba7bffca1bf078d0f4aec1e941f735c,202
reed_57099741,reed,57099741,07/07/2026,2026-08-07T17:57:36.816720+00:00,other_analyst,challenge,C3_role_terminology_edge,3eabaed1cf668f28e3cd5b127dffd9e631096c03ce1bbbf9f816981028258d42,2f43c1ad2b8ea26728e796409cb7c752719b43ee94ce3b778d91b4472668cfec,205
reed_57099899,reed,57099899,07/07/2026,2026-08-07T17:57:36.816855+00:00,other_analyst,challenge,C3_role_terminology_edge,ac7ffca2a9f3e9ad0dde6e05cb6f914c2dbed7f1b51a7ffa545cab8944c191c1,b619eb70f30b015280be46aed5a5853edba5db6fedcac4fc915dba649529ccd7,206
reed_57100798,reed,57100798,08/07/2026,2026-08-07T17:57:36.817360+00:00,finance analyst,natural,,ea11ce1f80606c1dd0f016ca3b8ed242eb002a83c7bbd71e5ff92d7abae2bd5c,1e0a8ecaa04d2b487e262e78aaa50dd401a7a247f515be301e63f5312b732f8e,209
reed_57100894,reed,57100894,08/07/2026,2026-08-07T17:57:36.817469+00:00,other,natural,,b3a3a5bd3b44d32597a6f025a3a9cb899374d0ab0647ab2c45fedea185efc396,e0df744b0bd6fd19f9a332e57fc19caf2cb4ebd44f8f0bacf6eec9c886359941,210
reed_57101131,reed,57101131,08/07/2026,2026-08-07T17:57:36.817733+00:00,other_analyst,natural,,bb8c862bf7084b224c4c1ce9c99e4e225643baf552a9050d387de12322d8aa1a,8b1bc6d82577185c63013b8d6f6f18013a281a6b2fd7c9a4ecaf5d9d45218b87,212
reed_57101158,reed,57101158,08/07/2026,2026-08-07T17:57:36.817817+00:00,finance analyst,natural,,f1cfdcd0a68f47e5a02b2c26807e021e0dcfc8f4a29406949f783613584e3655,19f69995b51e55e9b52b5782443faf134860e7d829b96d3f6daf87fb1c23a8b3,213
reed_57101551,reed,57101551,08/07/2026,2026-08-07T17:57:36.818014+00:00,other_analyst,challenge,C3_role_terminology_edge,e0af38f3179d9b954f926785d4a354be4f512b2c9c192daa1c2ddae9e048fc69,b27f613baf308d616cbe0d3412d0386ce48ca0fdb7da0ea4d4cd0e5111480672,215
reed_57101589,reed,57101589,08/07/2026,2026-08-07T17:57:36.818231+00:00,other_analyst,natural,,12baf96a8647ca4d3d990d5ab8b6d97d391147c63881144a6c106b3ee5f52660,9f8b818420de780e37624496ee087b839b7f4bd1133243af9cdd545ca95d131e,216
reed_57101863,reed,57101863,08/07/2026,2026-08-07T17:57:36.818440+00:00,finance analyst,natural,,16a636e1cdbe6f79005a067a47d70873d0be1cef85d7da7b82864d47f410045f,33e1ecc29ef3def9c037129631ece56e54b1dece533f97a12e010196e3e91726,218
reed_57101915,reed,57101915,08/07/2026,2026-08-07T17:57:36.818520+00:00,other_analyst,challenge,C2_lexical_ambiguity_homonym,b160bf5812458db1a312a75989ee0e290fd5b030b917b033394fc85f3b278c40,a3308263418471cd3b9138611b625aed032e44d03b1fc5d29fa6909d2032098d,219
reed_57102049,reed,57102049,08/07/2026,2026-08-07T17:57:36.818609+00:00,other_analyst,natural,,66d7d0c8297aae7a7b0719f04550884416b41c0fe7060711c98e4fc3741abd0c,bafc7008a3ab85a9b839c3c9882645f40ed1d0917f10a28fe5f28c4ee8f0ba87,220
reed_57102100,reed,57102100,08/07/2026,2026-08-07T17:57:36.818898+00:00,finance analyst,natural,,a256310a319dea09273af75bf75afceb77da2c946fefa14706ec9ffc0e5126f4,7c80db3e13188880ede35c49cc9cfde326037b1d32a8d4ca21f58720331dbb7d,222
reed_57102720,reed,57102720,08/07/2026,2026-08-07T17:57:36.819292+00:00,other_analyst,natural,,3826c144ec5d777ccb43ef913b7caa83fb1fbd29f815463beae1155a6e10e39a,9064a500edcddabc9d5941a63bce2c9ede2889e24aa2996e89ad4f20f01e155e,224
reed_57102847,reed,57102847,08/07/2026,2026-08-07T17:57:36.819343+00:00,other_analyst,natural,,257919a742836ea64eb7c18f21280efdec9b78b952811677696e8cc948f17a1e,775fb8858260c3fb16afad7c231dd43bc4651c09fbba7374df99d225a448e1fb,225
reed_57103014,reed,57103014,08/07/2026,2026-08-07T17:57:36.819592+00:00,data scientist,challenge,C3_role_terminology_edge,539133269de92503bc99352400d8698d90dc9df42e4cdf7b407935d793f01f93,3795d6fb6492888f6d927a8f2ce4ab972cca30ade6cf8b6cbe86a83d2f5c46cb,226
reed_57103535,reed,57103535,08/07/2026,2026-08-07T17:57:36.819809+00:00,other_analyst,natural,,8ca81bf0dcb5aa3a16c2067dc320a09dd1fed064d2958d4764c7a66f6d5829e5,ebecb1f93fbaac8e5e469996a9a2919e1e98fc31f708ca10593b2f743a8bb719,227
reed_57103580,reed,57103580,08/07/2026,2026-08-07T17:57:36.819880+00:00,marketing analyst,natural,,1ccd542a8982d820d6aa3529a0cf5c05773fed556244459b2a947a81e9233215,c07b9c9e624b54828f1c5116c1584123f1359447881077b1bd1041aa964af689,228
reed_57103963,reed,57103963,08/07/2026,2026-08-07T17:57:36.820067+00:00,other_analyst,challenge,C3_role_terminology_edge,c7f126a720d57468f4be22dab87d1e36b157323019c27358ec5c9712cbffe3e5,90793267b95407eaa44426ca38deabbedf10e93ebb1bd4352f00b7cd1c0cb8c5,230
reed_57104008,reed,57104008,08/07/2026,2026-08-07T17:57:36.820265+00:00,finance analyst,natural,,64bd9284b976ee83faef2fc58726cb99e0cac9a1b209f4a6f6eeb8f50b54776b,e0c14a03664d29ea8d42df0ceaab8499d9e525ed69610c166d3c755a1dad9a6c,232
reed_57104030,reed,57104030,08/07/2026,2026-08-07T17:57:36.820374+00:00,data scientist,natural,,6baec57866da5a3ca937bff204afced9fc2b59792263482da7e427376d9a3300,129c9434db15164bc2a3b44217bb7b4ff5132a05066c93779246edf531b2d46e,233
reed_57104175,reed,57104175,08/07/2026,2026-08-07T17:57:36.858262+00:00,other_analyst,natural,,2b03f025d59c2b23dba02ba80e5343ca0868043cb8248b6da1dcc40dedec7fee,ed640be0c48282aab106df66adf719dbfadc839bd3e8e6fd32986608a2252ee5,464
reed_57105441,reed,57105441,09/07/2026,2026-08-07T17:57:36.858338+00:00,other_analyst,challenge,C3_role_terminology_edge,3b3b986f1579b61f8b6e0ffafb7237d8943d63f632ebe3b18173970aeefd5cdf,8ec5ce439dfe0a11d73d93d4b949263bf1c141b1e3c3448dadfaf995354d61e5,465
reed_57105474,reed,57105474,09/07/2026,2026-08-07T17:57:36.821197+00:00,finance analyst,natural,,13b23547d523209c53dac986a6021212d3df73368cb32cff565119936f86859b,392cc237e700319f7d7313aa2e867ebb9a045c5b15fe891aa18b685345a6282f,239
reed_57105714,reed,57105714,09/07/2026,2026-08-07T17:57:36.821527+00:00,finance analyst,natural,,05bf1665bb0341e46971e44053afd3f0cba69f30e94d47e83b31a5554ebc0590,d7de1f64a009ed3d2fad2ce2d095a2f968284210eb8fdfa64de772bbe43efebd,240
reed_57105795,reed,57105795,09/07/2026,2026-08-07T17:57:36.821600+00:00,other_analyst,natural,,6675ab7b6094fab7793e9f0c91c58b30ac171d1fe8274d2c56c3e318c417c7d5,b75951e90fdbde4450e772ea7de7e720483a2f292031ed2efbb28f1477471b39,241
reed_57105797,reed,57105797,09/07/2026,2026-08-07T17:57:36.821680+00:00,business analyst,natural,,6f5be1d472e49d50ee8436738a617c745eb456694a5de78f93c7f3df9e81dcb5,33b8751aef3a8b4ac30f72678ddf9134e07aa7ccd469e1ad934c7443d6cc51f6,242
reed_57105976,reed,57105976,09/07/2026,2026-08-07T17:57:36.821751+00:00,business analyst,natural,,70f89eaf97dad19970970b3ff6b3dd12368651fda40f12ad04483a1149efca74,e2dda48257f8024a3f54f209e355f3ce0b59b5cf06046609c5f089f90396cb68,243
reed_57105995,reed,57105995,09/07/2026,2026-08-07T17:57:36.821862+00:00,data analyst,natural,,b83191a747fe5b8e1436909e48b7e34e63bb725ed284baff50f91228788a4d6e,14a0e6ce5f79210fb86865513ff6078f946656caccd3e4d93db4e6ca7311aa82,244
reed_57106083,reed,57106083,09/07/2026,2026-08-07T17:57:36.821973+00:00,data analyst,natural,,f600ada0c91fa447530541c482bef121887d108ed0078576c98ac0bfb9d3f920,7f40f08dfd0971124f5b517afd5520bd6f589564b9c53aa44b8079352aef6f67,245
reed_57106120,reed,57106120,09/07/2026,2026-08-07T17:57:36.822059+00:00,other_analyst,challenge,C1_lexical_low_coverage_semantic_disagreement,188824207abae3576fbe40d6765f9057438d8c74d9c8594c2aff8245722f9175,b382517092e36c30415dc5c85150ea62994823f9e05564b3d3740e7a24d56dd1,246
reed_57106278,reed,57106278,09/07/2026,2026-08-07T17:57:36.822201+00:00,business analyst,natural,,c0aa23ea6ffc81a1d9e0fd3e2699e4b59b3d02d0d57df2abfa3caa6c2021842d,a4db6cc79f395a1d52d220d6ede3ca9f199288fbeaf7574ea7a2dcaf6ed4946a,247
reed_57106679,reed,57106679,09/07/2026,2026-08-07T17:57:36.822287+00:00,business analyst,natural,,f60bfff688dddf485db1dbb755fc9d464ffce8bedb5745ccbd1caddb8b9caff8,18d6e0c98ea3e5180c55008e40240da0f426d4eda2084826b96f045faf7578da,248
reed_57107333,reed,57107333,09/07/2026,2026-08-07T17:57:36.822519+00:00,other,natural,,0cb06e3ac26a145a82af5e628d816b97234f8c735a21b8a58c8aebcaccff1037,780ebea79f4f4ef76a7acaf96b0b92cb51d62c6a2752913b0e0a3c9addac4a0e,250
reed_57107395,reed,57107395,09/07/2026,2026-08-07T17:57:36.822787+00:00,business analyst,natural,,038a0b542310cb34ae00ac828a2db6360f734175aa87b8b876c7c68b22eafed2,5a00731634416d409b54fd69f3a5120c9d0ed25c17f0d8f434bb94406a589fa0,252
reed_57107675,reed,57107675,09/07/2026,2026-08-07T17:57:36.823319+00:00,other_analyst,challenge,C3_role_terminology_edge,e05770563e1b965a12171a0522cbd0ab36b9da10ca8d5ce558fbf54d3872ddd8,9182e9eafe64b7c267065d7496b44cf7cb3c56d1906d0a7386a55a9c0a12684e,256
reed_57107801,reed,57107801,09/07/2026,2026-08-07T17:57:36.823646+00:00,other,natural,,8f7383db13d5c13d4f20ec27386cd5ef65ef2dbe4bfea4a1dc8ad7d7123fc176,fb0caf2b4ae9e6472595c069db6617c4b1d1ea8a87962ce1fdc24ee4e8d130cd,257
reed_57107804,reed,57107804,09/07/2026,2026-08-07T17:57:36.823767+00:00,other_analyst,natural,,629461f493030d702a6d39d65681173ea309046dce70208c95aaf232959af89c,20807ffd3aaaba2d1db89fdbc97971409a4a573b50172ddf4e95c053f86f6b45,258
reed_57108146,reed,57108146,09/07/2026,2026-08-07T17:57:36.824199+00:00,business analyst,natural,,1150968e71406f29caeee60a49cb07f000a00cb108cc6032566b3fe4d45c4392,aff058780467d007164968f502898ed34c39ee4d4416dd781accbb1cd62516a4,261
reed_57108155,reed,57108155,09/07/2026,2026-08-07T17:57:36.824272+00:00,other_analyst,challenge,C3_role_terminology_edge,257aa511950d4f22d3898a27cb0e3edd2f7649c9415d605867637e0cd5252cda,ab2828fd902f71785ac5d9b1f6b90ca404bfec061c5424fdbc6db502c6dd1129,262
reed_57108217,reed,57108217,09/07/2026,2026-08-07T17:57:36.824510+00:00,other_analyst,challenge,C3_role_terminology_edge,c7e161728e24855d0e3f098b13b08e2fb0bdcf1231d225a34456860dd32c9699,4e4f33a83d963c8f286d6b7f9ac54d513eac8f08920976b4beb50b4f0df48129,263
reed_57108218,reed,57108218,09/07/2026,2026-08-07T17:57:36.824639+00:00,other_analyst,natural,,e19888730c44e210c97774cb4ba767aaab779d178263690cd107e77d34a8f575,14d7b22cbd0b27866377f19b7d3c32c640d304340696574a0ca496de10951442,264
reed_57108298,reed,57108298,09/07/2026,2026-08-07T17:57:36.824896+00:00,other_analyst,challenge,C1_lexical_low_coverage_semantic_disagreement,0918a28f2f078c8e5948de65fd33c0d6baed337e0d6a30799dbe01276372386b,cdab3be82433c3a6ab50d00bce9b0394d9c13f87bbe18e0dde12dae6201fc45f,266
reed_57108851,reed,57108851,10/07/2026,2026-08-07T17:57:36.825115+00:00,business analyst,challenge,C1_lexical_low_coverage_semantic_disagreement,4c73a19b951a8f67ecf3f0d638fed69e6ca7e62111a584d8cf827aa35b4b9954,4a263bce7f0bd75292fef8ca4b164c6ee64727ca536e3332f1b10a4ea26dc989,268
reed_57108863,reed,57108863,10/07/2026,2026-08-07T17:57:36.825246+00:00,other,natural,,95ce430f19c0fd8e75f7b5ef5076abcc4945811dec0d6cd196e8890f4a060582,1db98c3f36d1550f19ed47ac5e5e923cc8d9016b8266227817af377752d44279,269
reed_57108933,reed,57108933,10/07/2026,2026-08-07T17:57:36.825316+00:00,other_analyst,natural,,880106982e9f8cc1b083eeb31c9340310bce97d2debd372ab820f3423d7b7375,c0658bf321914bad3c6dd51dcaa4ce189e9dbe86fce08a94dc572667810ec687,270
reed_57109893,reed,57109893,10/07/2026,2026-08-07T17:57:36.826276+00:00,business analyst,natural,,f61535a55283746554f2e162692942d3f7c1237d8d87b90d0ca0bae4b548c960,2541589a5aab004817136bb13ede70620dd2bcbb682aa43270c2a143e7213f9b,275
reed_57110229,reed,57110229,10/07/2026,2026-08-07T17:57:36.827077+00:00,business analyst,challenge,C1_lexical_low_coverage_semantic_disagreement,cac29f302a14503d7bb85e6edfcb430100d8688cb93e485408ed868acf9334cb,cbd76195a798fbcf33c1d2a250c59be6aa97050cb34c4944fe001efeccb0bcaf,279
reed_57110554,reed,57110554,10/07/2026,2026-08-07T17:57:36.858421+00:00,other_analyst,natural,,4a99b77d5b47ef6ad6fdc530b8e37dc39bd56f5de98bfc13180c636c0b44c3a6,41cde37d67853598525a720be4f7ecc6e9ec36c1f60e10d72afdd2fd84ca8b0f,466
reed_57110682,reed,57110682,10/07/2026,2026-08-07T17:57:36.827272+00:00,other_analyst,challenge,C2_lexical_ambiguity_homonym,ec8e797ced1725bf87ff3d2de9c97bcbd3d3f6c3c57a6030449b12a144fb8229,21f552c7f8ce85b5b751c9f25ae952a4e4e788bc9b9212c1225cb4b7bbd7f1d2,280
reed_57111317,reed,57111317,10/07/2026,2026-08-07T17:57:36.828066+00:00,other_analyst,challenge,C2_lexical_ambiguity_homonym,ef78e4552e7f15230022a874e1290b2abb343740f30bd7c37b68e3afdaf8d423,2cf28e091415b3e6ed22800626146ffad824ded7daf369dcc383d70e61ccf4d2,283
reed_57111561,reed,57111561,10/07/2026,2026-08-07T17:57:36.828350+00:00,data analyst,natural,,6f56e59e5fe0946f802e06ba552242d6367b1c74012fdba6658bb2b563750296,b93f0db6ac0623266a4f4cedbc57effaa25e9908698c011c1091ec39cf1dd813,285
reed_57111761,reed,57111761,10/07/2026,2026-08-07T17:57:36.828563+00:00,business analyst,challenge,C1_lexical_low_coverage_semantic_disagreement,ade074305382fe5e1c2f376e74bf0f73ad95515d385d89b91274dd7146f5f420,2c06032cb6408f51bce5a3e51747c0a9a440365677dc278ba05699a0d2da3fda,287
reed_57112263,reed,57112263,10/07/2026,2026-08-07T17:57:36.829424+00:00,other_analyst,natural,,cf7325a6fc8e31dbe96bf6c93be018fa5e8ed2a35d58ea60f22101932a4643dd,eec94a3d5f75889f012c2fa38180e13b341c5a1e204e3ad6ecb55c7564c7608c,292
reed_57112302,reed,57112302,10/07/2026,2026-08-07T17:57:36.829523+00:00,other_analyst,challenge,C2_lexical_ambiguity_homonym,69f55013f224242852f082cc21648a2f0c90f1aafbfe1389fc2d0bd508d08d86,1f12ae85f3e007d3e801a0174406bc1b462343c3a0c031ea34dddffc6295f38f,293
reed_57113331,reed,57113331,12/07/2026,2026-08-07T17:57:36.858804+00:00,other_analyst,challenge,C2_lexical_ambiguity_homonym,0ea530ee36c3f8a2428de78c277e62cfae72b04e11bb77366b6e9316e21d0d85,326c584efb4b0be67dcb8943da943e5e43a81c791d3c47825e9ccfba82bc633b,469
reed_57115474,reed,57115474,13/07/2026,2026-08-07T17:57:36.829940+00:00,other_analyst,natural,,d9a287fb2f99cf5375fced679b7336398212c1890734fbe3fe940f0630a77b51,f3bfbca018948d1875dd058bad93effef69af96424a79c3e0d078079378f791b,295
reed_57115666,reed,57115666,13/07/2026,2026-08-07T17:57:36.830128+00:00,business analyst,challenge,C1_lexical_low_coverage_semantic_disagreement,cc692eab92af6398f65da86022d19c451597ef3a48054de742563b9bc9eb0dce,0b582d878a89449b2b4c6d68f93dc56f38f2b69cab962b76e06489170b175ee2,297
reed_57115685,reed,57115685,13/07/2026,2026-08-07T17:57:36.830221+00:00,finance analyst,natural,,10ddcb04002de1c3e8cd8fe258817b7c23582295eed6f5aaba5d87318b389534,d1ff5950b9e4d48302ccedaa37ed6302e1eb926a797bc8414299fde4622599fa,298
reed_57115823,reed,57115823,13/07/2026,2026-08-07T17:57:36.830409+00:00,other_analyst,natural,,df42c2ea9080028490e088bdac535cabd977e4e9ac57e3c784e50017e9a85c9c,1cae85679388cf5028e46e94abf24e1c387e01e8cc8570d8f7fdb9403ccfa891,299
reed_57117870,reed,57117870,13/07/2026,2026-08-07T17:57:36.831088+00:00,other_analyst,natural,,4a95720d44ab21eba49a3b3ed9b45dbe28439d095bb617a5d43983a4391cf40b,00071cd7c020ea1a66fab30d6cb6ff628ca440a93c84fa6a4c7cd6ad652a85a3,303
reed_57118078,reed,57118078,13/07/2026,2026-08-07T17:57:36.831575+00:00,other,natural,,6177c4a5088acf20552713c75da6d675a9979bc9087a8d28dc4de025549fcbd6,c5619be126aa745f3a11cdaecffcbf2531503812b5c81fd1566bdd2dce052764,304
reed_57118550,reed,57118550,13/07/2026,2026-08-07T17:57:36.832123+00:00,data analyst,challenge,C2_lexical_ambiguity_homonym,1baabc7c98b938eb909a9736697611455c4174af104c790e0f5ae98203d4ea80,26276c39fa0a7d67d28c5c94aff9135e811bb602a0567fe73dc80b6120a5d53c,307
reed_57118584,reed,57118584,13/07/2026,2026-08-07T17:57:36.832401+00:00,other_analyst,challenge,C1_lexical_low_coverage_semantic_disagreement,0c9393c847cb1805ace6e561547dea87ce87140407d54850ba5eb23ef4ba5482,084f3e5dc74ff0f4130b6d19a2b1a8655d408c7a0ec5f7211cabdaa49269bc0b,308
reed_57118637,reed,57118637,13/07/2026,2026-08-07T17:57:36.832466+00:00,other_analyst,challenge,C1_lexical_low_coverage_semantic_disagreement,cd76b93c1022f2521859e61f17d04d056db7d24fcf90e623e5eafa5773222c90,6eaaa772b106ee4218ce508fd3e0ef5c6546de17d607ea9db2e014a3c5b7e9a5,309
reed_57118845,reed,57118845,13/07/2026,2026-08-07T17:57:36.832966+00:00,other_analyst,natural,,afabe8125c52eb019281cad41acfc7dd8b0ab59b84f7d2a608a36984673bd8b1,d360bdf1e021cce67f4137bf4cace479bcaecdcd7dc4844c242abcb3bd9ff439,311
reed_57119177,reed,57119177,13/07/2026,2026-08-07T17:57:36.833335+00:00,other_analyst,natural,,16be094fc0213c714bb67900deb0e61bd4c3093667cc6e471c6334db5aafb656,658a87acc8ccdac264b12aee45337dbfd31b343f7b8280e69af18ef94191f23f,313
reed_57119427,reed,57119427,13/07/2026,2026-08-07T17:57:36.833620+00:00,other_analyst,natural,,b2ab4a5e67cccbf37ea95284a3e56b1234e31c5694c417b8ff64e78e2682ac2c,92bdb1be61588c4a991e6a796442b18d58237dbba68e70cfa46c4149ccf095c7,315
reed_57120567,reed,57120567,14/07/2026,2026-08-07T17:57:36.834157+00:00,other_analyst,challenge,C3_role_terminology_edge,c727487c091d52dcc1b1063f1aa9e6e8a16f59721f49a0e479ff7bbc4a50a013,249bf9dc7c7add7a709bbd36db4a479db9427c935785d7f405f3a1457b298775,318
reed_57120587,reed,57120587,14/07/2026,2026-08-07T17:57:36.834395+00:00,data analyst,natural,,2b299a479fddf4ee96fb5513a5c6fd6a3fd8c75d12bc8c44e56d62b7452cb973,f42db59303e9eca35f46e0534b4db944f46bc0ff32d044e4d74193bd4be0cc45,319
reed_57120683,reed,57120683,14/07/2026,2026-08-07T17:57:36.834643+00:00,data scientist,natural,,fb0c8ac922cb91a751327fe97e6288f4f6e4ed6cd39cf25312aad2ee03a32fe2,3e44706b8ddca42ca27aa8d271dd6e97b1f8f920f00c07c7c547018a83c041c7,321
reed_57121020,reed,57121020,14/07/2026,2026-08-07T17:57:36.834950+00:00,other_analyst,natural,,6de1122d2ad7a32f0ba52e78125adb931566eb3f77a5d6e35aea8aa8af8d40d3,c15c8247e0c4ca8c7675c436f07c4e818cdc9b0c90b23f16d91d9168a8b2f388,322
reed_57121135,reed,57121135,14/07/2026,2026-08-07T17:57:36.835101+00:00,business analyst,challenge,C2_lexical_ambiguity_homonym,c561df2c60c73438da8be5376e0c66433557b3441adfffa23cef10155a3d4887,8691fd93f7c2cddd420720f0f0ce149aa54373cd4edf0b4f38b98d094b14875b,323
reed_57121276,reed,57121276,14/07/2026,2026-08-07T17:57:36.835382+00:00,business analyst,natural,,a8cbed4f4584061d95c3fbc6bc8f6539ed2e89093f536d95717c088e07136b9e,91ea382e81f31d2284740e839b849ac26b797dd3aed03f47ea939b66d7374508,325
reed_57121681,reed,57121681,14/07/2026,2026-08-07T17:57:36.835496+00:00,data scientist,challenge,C3_role_terminology_edge,997bef39f81be352887e467d28fd6a1c5413c857a355b825792840f773a8584b,100e9c2a7c07a81a9796b8fec2435f03f9eced2fabcf4f17f2c47e80d249de63,326
reed_57122108,reed,57122108,14/07/2026,2026-08-07T17:57:36.835668+00:00,other_analyst,challenge,C3_role_terminology_edge,adb283af4b527a5684a467961127489983fca7549f18707ae6e420d106734b02,9585f4cd569936c2620bbc59755252494bac67ae744a6a403803172219a87d03,327
reed_57122965,reed,57122965,14/07/2026,2026-08-07T17:57:36.836281+00:00,finance analyst,natural,,8558f9c31889c6da4f91fa5e103e34950403500a678c8e7b3e1b8ec3a852c7bf,6f0c3a82b2891082d149e6092b682612d5d2a6c97eb214eb1ddc69a6a74f14d1,331
reed_57123044,reed,57123044,14/07/2026,2026-08-07T17:57:36.836356+00:00,other_analyst,natural,,a6ba60400cf0074170efeb49bcd7e8060629015fe4ce4ea69160b43a68735311,5b79f86ff2e607c050b329acfdf4d5f1b2dafdd05406f28dfeab5c27c22b1dd7,332
reed_57123370,reed,57123370,14/07/2026,2026-08-07T17:57:36.836449+00:00,other_analyst,natural,,4d3044aaeffee9480e0e47c713f81b54c7c7dae6e4bcf36ff0899691c3e590a0,4099743ff90cf567192838e2084adc2c69ed58cd3b2850922ed79f6099d81b26,333
reed_57123517,reed,57123517,14/07/2026,2026-08-07T17:57:36.836564+00:00,other_analyst,natural,,9f6166d000f8a0239d5365910c1f1bfa4d646d952b7f3aff98491b7edc78358d,dbe9bdcc746c01bb2148715ac42c7cf34fd341a634778dd448579245bd9feaeb,334
reed_57123856,reed,57123856,14/07/2026,2026-08-07T17:57:36.836799+00:00,other_analyst,natural,,3009aecfd2465f5d0191f2515f8e541bfdb3c1defdd409851bccf9f217e607b6,00aa763852b6a41505079ec84e550925ebba83982fcff04d3a2effa6e1b51d64,336
reed_57123948,reed,57123948,14/07/2026,2026-08-07T17:57:36.836888+00:00,other_analyst,natural,,bf4fa69014cfdd16741ef75bffdf1862b9cf7a241ed922199d8bb647facee9c6,b116b20e138dccb3ec61e7bc9bf10897129559e13de12f007138ea505b374def,337
reed_57124375,reed,57124375,14/07/2026,2026-08-07T17:57:36.837039+00:00,other,natural,,ae968753dda43995f27f3e03b930c951cbd6f415bb508a108a7df391d2bc8fb4,7d447fa98f41da0f34b2039d1f5607d900dac2ac29b3858c5d376777e4671fc6,339
reed_57125015,reed,57125015,15/07/2026,2026-08-07T17:57:36.837146+00:00,other_analyst,challenge,C1_lexical_low_coverage_semantic_disagreement,38120e60c936756dba7892eaa7a502167c00c3c71f8b34de61861f7c28fcc8f7,c33e390a6c1491fc408d6f8eb51a03d99c4fbae6d2d457e02e161cfd32b10a16,340
reed_57125150,reed,57125150,15/07/2026,2026-08-07T17:57:36.837413+00:00,other,challenge,C2_lexical_ambiguity_homonym,620b2622abf16b7bd3f1d58b64c598a200d47b7a8ecff947b362791a1711e2d9,63c71160f32d2a5cb293bc978a23a30fbab142290fb0147b418321d45dca7f10,341
reed_57125563,reed,57125563,15/07/2026,2026-08-07T17:57:36.837846+00:00,other_analyst,natural,,4b5d25f8dc872a8a50f66766fd9f3151b9be58b786eea660ffbedbb0bb89aa33,2980488803ff547cb750521d502ef910c982c1f0357a04783a465d014a78aa26,344
reed_57125828,reed,57125828,15/07/2026,2026-08-07T17:57:36.838103+00:00,other_analyst,natural,,78317000b04722ab290f001aeb85693b3b0d0f846d51e1a2f2287a2b7b1a5378,7965e3dca918b49bf5281377703390e8d78a7ba90805e9963eb50c90f16c6c31,346
reed_57126532,reed,57126532,15/07/2026,2026-08-07T17:57:36.838791+00:00,business analyst,natural,,6cd5b648cd8e2c35efe304c6f3efbf8794cc23aee8e23216122a69a063ee1555,cb17c13615dbd02d2dffa171022bc821bcae716444fa61d7524481506483f8e8,348
reed_57128019,reed,57128019,15/07/2026,2026-08-07T17:57:36.839220+00:00,other_analyst,challenge,C2_lexical_ambiguity_homonym,21e68ef0479a09e1406d7aeaa7d9f1aaf8997dd50e13e387bdf37e9d1ee581a8,f95928a57fca2996ae1b56b19db2505fdc1800b8655d6ef7d8f7223f85d5ef4a,350
reed_57128052,reed,57128052,15/07/2026,2026-08-07T17:57:36.839436+00:00,other,natural,,aa558a681cf5ab062213127909d18d8dfcbddbf3ee61ea1bf7cae69d0e2bcec4,b668f532a986768625538a78648845a60c90b772c43204f16b0cc158f7b01792,351
reed_57128328,reed,57128328,15/07/2026,2026-08-07T17:57:36.839707+00:00,other_analyst,challenge,C1_lexical_low_coverage_semantic_disagreement,354729daa4aa0ed04659e1cca2a63c041ff7917944a917c17dd82f4dc1218645,ac1e5c55dcaca98fae57748544de8b8ccc9c31fb9cfcc51fa2164834ba559cc3,354
reed_57128388,reed,57128388,15/07/2026,2026-08-07T17:57:36.839783+00:00,data analyst,natural,,42b628fbb78ec3a1008d062ad49b1bc35d26e64ac9ec03de1fd976d584a75358,dc5b925bc76c39f2895215f6fa8aaa2f0eb40cc1483b37d34b072aff7aebfb98,355
reed_57128401,reed,57128401,15/07/2026,2026-08-07T17:57:36.839869+00:00,data analyst,natural,,eb8cd31a5fb39f6d6692322e8954579a58a8d203f7d55a84113011e22f84a877,8597478e49924c39fa39268022f4825e4d734ec5a8c8bf4d4f847524d767a101,356
reed_57128879,reed,57128879,16/07/2026,2026-08-07T17:57:36.839927+00:00,business analyst,challenge,C1_lexical_low_coverage_semantic_disagreement,517dc82dd915b1239ef70415493466571fdf18b1aa23589deeee3f0324e1ff15,0c6eac98dca57ce63dbb2b3b85b39de84a28689aae9728af18eb6eeb5d2697ea,357
reed_57128909,reed,57128909,16/07/2026,2026-08-07T17:57:36.839991+00:00,business analyst,natural,,e17743884b1d8d1cd8532927372c24e1c6268a86f4d4e19c7c86bc0f2b8e4a94,0a13de1c5e6f9c248fe450188bfdbf1a61a307ac1afab727b37207e176ae060e,358
reed_57128919,reed,57128919,16/07/2026,2026-08-07T17:57:36.840070+00:00,other_analyst,natural,,dbdc2fabe80dbbcf184079688abf3e475c21001c5a9c7f784f418c7c906fb78a,7e637622e31b14090394329e57bad57140c1b449977ce86bc7c5bf53d93b060f,359
reed_57128929,reed,57128929,16/07/2026,2026-08-07T17:57:36.840196+00:00,other_analyst,natural,,a4851fd428eb84c970e64d5c0e7424a1330684fc7cf8c3911d2c5926ff87f37e,b70ac311c167a5d50071705d389dc7978bd37852e0ceabb08f60f2f377ec4dc2,360
reed_57128935,reed,57128935,16/07/2026,2026-08-07T17:57:36.840297+00:00,other,natural,,bb895f82e66a4686e33d7c6f7eca5f475ac1a25859e0f0b37acda56f167adc79,f300746235fac9f1348defd61f19e9553aef6fcfb0038248bbd262d1292b81ed,361
reed_57129277,reed,57129277,16/07/2026,2026-08-07T17:57:36.840714+00:00,business analyst,challenge,C2_lexical_ambiguity_homonym,55e44d3dad4ff3d65c70e6e02923e7877d787e48ac25e47f2c52307ac520632c,5340f8731e803c562322244228d9c886e7aa482976f20cc387231768e2c26908,363
reed_57130010,reed,57130010,16/07/2026,2026-08-07T17:57:36.841380+00:00,finance analyst,natural,,a3b23ff47c8e3c9928c9719d36efbad51f8d754ccb27f41a1b3da19225f609fd,da79636f154541aab3258da8544e3445a4bfc5c698baff2fb73cb5e667f0caeb,365
reed_57130429,reed,57130429,16/07/2026,2026-08-07T17:57:36.859042+00:00,other_analyst,challenge,C2_lexical_ambiguity_homonym,50e92a4aa9a931277401028ccb867fdb77ae8ac2a148bab6a7f8c78ca8933efb,ac2202016a2e6d32b634e3886a6301daf7de31c5078e852382681ecb549b29c5,471
reed_57130483,reed,57130483,16/07/2026,2026-08-07T17:57:36.841763+00:00,data analyst,natural,,ed4bffed67a6fb3fe925f0702b2c7fa477d5646b274b4180bab597adf27447aa,86b089280703bf5294aa90c066338d8e082d8ed8c0923da3de5512a7bf66da63,367
reed_57130866,reed,57130866,16/07/2026,2026-08-07T17:57:36.842178+00:00,business analyst,natural,,a53527904bb496316188a4b92fec06caaa7b33ef6eaccb1e2750a3b1c921280a,4fc6e8357464b1c6d3bc423bbf00a5db66e27404beb77c1bf6f67fc4ceef9dc3,370
reed_57131045,reed,57131045,16/07/2026,2026-08-07T17:57:36.842293+00:00,business analyst,natural,,480a4c3a3d04baed573e8deb64b9b37ee831ad325ba67429bf60c089beaaee22,760d0f51ff7acc478146531df3c69afb8322e83bb7e13482a31e92857ebb12aa,371
reed_57131074,reed,57131074,16/07/2026,2026-08-07T17:57:36.842395+00:00,finance analyst,natural,,ff471f8da39edd12cc29248a8d164b7827855760b3a15437cebf67cb3704e874,530bc9b7f61fa034a41f0fc6f26104004b4af30cc56830bd7134f2b4523d8454,372
reed_57131143,reed,57131143,16/07/2026,2026-08-07T17:57:36.842520+00:00,business analyst,natural,,3c9b5f58f1f1e3e4a4fa136fbd9e02398c418a62b955047f5671030fc85ccf65,3d0b3c06a9341e1e544967c3644968bcadba8b7d8d9ef023e31c0e29a9fe6346,373
reed_57131230,reed,57131230,16/07/2026,2026-08-07T17:57:36.842902+00:00,finance analyst,natural,,4c76045c63a9ec5d5fef890950f07e0e07eddbee250336431d90e1c5afbb95aa,5ee15d015e562b7f5953f8650825d0e4d33c2f99f48e3f814eab36ee65a74031,375
reed_57131234,reed,57131234,16/07/2026,2026-08-07T17:57:36.843002+00:00,other,challenge,C2_lexical_ambiguity_homonym,ff16a3670394df88caeecf23223ee188095f2b0a15f0395ea7917aa9138813fa,3580aab708d8c54a39e1fa214388d336409e63d17b030eee6d046d65dd5015da,376
reed_57131433,reed,57131433,16/07/2026,2026-08-07T17:57:36.843301+00:00,other_analyst,natural,,eaf8cc479399e17222c18ff6690f5ff75dd43061d9bad8252fc5b3e41d9058a0,636866c756e379b33cab24059966ca1878b32aad36c58fc359a53d8c12bafd18,378
reed_57131610,reed,57131610,16/07/2026,2026-08-07T17:57:36.843433+00:00,other_analyst,challenge,C2_lexical_ambiguity_homonym,c241fa786270b998e9252c03c297bab55e73529b5c5e2761889f4679c8187a8f,f54b1ee6f4e571ae1aeb5e59d2fa03016cc98f38b35716ffe5b1123051ff10d9,379
reed_57131617,reed,57131617,16/07/2026,2026-08-07T17:57:36.843554+00:00,finance analyst,natural,,3785156eb9d8149a72c0e7eca44f7896c5e17a28c5d95e1bf07dfdaec7be7959,243670858a9d6b912b6673999c0a47d6cb88e2730d301cd79af1a8bc2b0dfa67,380
reed_57131956,reed,57131956,16/07/2026,2026-08-07T17:57:36.843934+00:00,other_analyst,natural,,b59c5542bca3faca888e962379c7298ef220111af04e11a465191ad0c59078eb,da3596d4a100d5f74b3a0e6d64f1c3947d5a286a0df10172c6236f0eed3153ee,382
reed_57131992,reed,57131992,16/07/2026,2026-08-07T17:57:36.844185+00:00,other_analyst,challenge,C3_role_terminology_edge,bcb8260785c4617966ba032b408e0155449ad68b7828fb658afa1e592c9108eb,e5eadcf74c7171d02d372db84d54e6d24bcaa48beace3259acf5a1359312008c,384
reed_57132030,reed,57132030,16/07/2026,2026-08-07T17:57:36.844390+00:00,other_analyst,natural,,81efb20509fcc3977a3f5d5909109ee0f61baac337b47d5d7fa24444b6871b2d,93991bec7c59f81a5498025d1c091fbae5cb6024e0a06f246d574f7cb764a2fd,386
reed_57132083,reed,57132083,16/07/2026,2026-08-07T17:57:36.844483+00:00,business analyst,challenge,C1_lexical_low_coverage_semantic_disagreement,1e45e3cfe64a32a8f4ba6c5cd37a055d0af98a595fefb1e5dd6f82a77a4ab2c7,9fad3f6acee8e5f28bec5baf4c19dcc5ce569317a159a39c61fd0409c62b3ee1,387
reed_57132272,reed,57132272,16/07/2026,2026-08-07T17:57:36.844587+00:00,other_analyst,natural,,fe6538bfccb2b226eae3f00800ee49538a8c024177d2fc876a84beea0a0fedc9,9cd575ee6b0e140f71c970ae933aaf623d49926004c2b0b3466fb6864ceaebad,388
reed_57132291,reed,57132291,16/07/2026,2026-08-07T17:57:36.844677+00:00,data scientist,challenge,C3_role_terminology_edge,48939a15fd3a965b60921a64cd354cd6ecdd4114a408265b4b5f84a1a3db1093,99898bf6734053125d20ed0d378f90bdf93b065c03893e7759f1ae7397513fd6,389
reed_57132320,reed,57132320,16/07/2026,2026-08-07T17:57:36.844793+00:00,business analyst,natural,,445ac54fe38d8ab0a83424c3bdda8123ff578921cd7103b87663c9d7fb32f080,3ea2aee37c8c7a879813327c4b68a787b46f21a07fb932bfb6595f744e6c90d8,390
reed_57132721,reed,57132721,16/07/2026,2026-08-07T17:57:36.845000+00:00,data analyst,challenge,C2_lexical_ambiguity_homonym,bb6ffe3c8b42ed71cd92100720598c3dc111c088e43b8b46b74ad3ff9d498b5e,883711aa2a07a2531359681676bbf2b79f9d9eff0f0bb71e781516865a40bc8e,391
reed_57133131,reed,57133131,17/07/2026,2026-08-07T17:57:36.845432+00:00,other_analyst,challenge,C2_lexical_ambiguity_homonym,3a225a05ae06dbb2395d30cb233b5088fbfdd93ba4c18cc943c829a73a6755c1,93830e28643d33e0a4fe1f4afb0bb6961ab531f65ead4d9fc05e274cc195b375,395
reed_57133816,reed,57133816,17/07/2026,2026-08-07T17:57:36.845932+00:00,other_analyst,challenge,C3_role_terminology_edge,0fb4102266a3128e92be598f0dea0f423fb591715c532a3465dac75ace2037eb,e277c3ea5240a4be72a85837523205f912ded50a6e9f1cca87ab4746abc4df90,398
reed_57135217,reed,57135217,17/07/2026,2026-08-07T17:57:36.846661+00:00,business analyst,challenge,C1_lexical_low_coverage_semantic_disagreement,c2d17807e4786e48c25fa4431345bb576d85a524fe8bb017d833412f0e1b9e2d,d197d910477f1e8eb2a785bc719954b97de5c67fc0e3c6787d72c83ddcd31bfa,405
reed_57135493,reed,57135493,17/07/2026,2026-08-07T17:57:36.846803+00:00,business analyst,natural,,09c8e14dc4078fe51cfc74c5a14b8eed670cb9b0a759e531f58cf8a520ed1336,9c30187861fbb6ee85ae325edbc15e372d3150f8ec8f609837b212acad6a0221,406
reed_57135655,reed,57135655,17/07/2026,2026-08-07T17:57:36.847005+00:00,business analyst,natural,,7c444fb0871ebb4bbe151e45c665a36901271e4202246771255d70c0d92ee1ce,7391d0c2d9468d64a5d636580f0f717ddccc23a947b03609a4888e16c42f5aef,407
reed_57135679,reed,57135679,17/07/2026,2026-08-07T17:57:36.847118+00:00,other_analyst,natural,,fc6d71f7a250a1c234e40c4febacd9444946991f0e9fbae1899f730677200787,5bfe334268321195ca6886342454020b8ee3fe9ee8f2c8deba3a8a659d5374d6,408
reed_57135746,reed,57135746,17/07/2026,2026-08-07T17:57:36.847219+00:00,other_analyst,challenge,C2_lexical_ambiguity_homonym,54775a4e8cbfebde7fa57be7efa2c22497530883fa8686dc1c0a8706076d6acd,e82c02a7eceb55c080e7552403fe66d4d2a560ec1628cf62c76baef5869b2450,409
reed_57135757,reed,57135757,17/07/2026,2026-08-07T17:57:36.847312+00:00,business analyst,challenge,C1_lexical_low_coverage_semantic_disagreement,c6e2c6b09a5a75c697fb8270df3eac9dab3823874ea414284e0794d669b04dac,8da06db4ebe08bf48a38579da0f966d005f89bbdd6c2f9d86feff4921955fd15,410
reed_57136004,reed,57136004,17/07/2026,2026-08-07T17:57:36.847837+00:00,data analyst,natural,,06423ecf4e340bc2732cd33ea584389e082c91151eda3205242e2354bca784b1,5114fae278c3017cd1b37672313edd629520a7788febe2d7be6ae73740cd8e05,415
reed_57136146,reed,57136146,17/07/2026,2026-08-07T17:57:36.848184+00:00,data analyst,challenge,C1_lexical_low_coverage_semantic_disagreement,9884c033a773131880270700c79ad38437fb28e3e5abd87d846d5d977a744575,6e1468b2aa8237bfeb694d5cc76ba06b13cd0c6d78696d4df464b4d5956b0eae,417
reed_57136241,reed,57136241,17/07/2026,2026-08-07T17:57:36.848262+00:00,analytics engineer,natural,,c89e6bdb4ed3ad919504675ce34e9d5974608c359f52bcebca7a1485765e3bfe,85873133523d869ad4ed9a79bedf8384546a9c1eac369917c417225fd17e6bcf,418
reed_57136315,reed,57136315,17/07/2026,2026-08-07T17:57:36.848364+00:00,business analyst,challenge,C1_lexical_low_coverage_semantic_disagreement,fd474091109a2047a1b27476ec6791a9a69b7f3eb664d5253c88c16a8c909d6d,4850b695b70993115e28a37aa0837bade4179559e90c551a954df93ada4749e6,419
reed_57136412,reed,57136412,17/07/2026,2026-08-07T17:57:36.848661+00:00,other_analyst,challenge,C3_role_terminology_edge,cfdf6fab4c3ce20c495d8f2418f0dc13b0332c335a290a75a58bb0c64fa96c9d,bb788282a9fc7a2e924dc651329c3987d6ef31ed4c599b7820889614ce447674,421
reed_57136539,reed,57136539,17/07/2026,2026-08-07T17:57:36.848881+00:00,other_analyst,natural,,c26851adcaf6c329f894ae0ebc48767ab5ca47e68b178b2de24432790d52bbbd,8266d3fb2f017686f86d246c4867448044174fec0ae1bde3301c12e653413c9e,422
reed_57136541,reed,57136541,17/07/2026,2026-08-07T17:57:36.849020+00:00,marketing analyst,challenge,C3_role_terminology_edge,c6f3f2f57e44b588aacfc1e2125d82bebb3131e6613aac7f56d477bd31b800a2,4ab13ad54e3c9a89b5c686d2ce04b4647a520f83782a36667bb55b77bfefe001,423
reed_57136558,reed,57136558,17/07/2026,2026-08-07T17:57:36.849254+00:00,other_analyst,natural,,1cf4c0217e7115b2d9d43ca09d0655e30996bdd78ce108530ed6ae3149004e21,f04634a1621d2678adfd4b044fd5b86022889ebf7738de65cb54b463d83c241b,424
reed_57136646,reed,57136646,17/07/2026,2026-08-07T17:57:36.849490+00:00,business analyst,natural,,64da87992d168ad248dc3bd9933cdf64c4897e9dbf9faec75ccff86f1fb98329,7f591721a47018c09d3d83cfc264e08f64c04f1f21fb47259c8226187f8b4429,426
reed_57136677,reed,57136677,17/07/2026,2026-08-07T17:57:36.849593+00:00,other_analyst,natural,,7d19c4f89f498f94f19de42c791c7182e995dc5689f70ab9501e82e898b9350a,4dc4603c87f93f1b42627219dd738de6cc7996c9644ccba2887ea760536d0b5d,427
reed_57138360,reed,57138360,20/07/2026,2026-08-07T17:57:36.850510+00:00,business analyst,challenge,C1_lexical_low_coverage_semantic_disagreement,83d997093e01bb6422827086e97b7faf84b1d99dab0ab7f47c1a3b63db60275d,965da19e306b2273d8604e184004e8121ec821ec8a5cd6c34e48e20352f1c4d5,430
reed_57138407,reed,57138407,20/07/2026,2026-08-07T17:57:36.851443+00:00,business analyst,natural,,012d52609ec844dc5a41f4c54f107e690719107b0986371639e0f00b368dcc34,e78d7a7b43afd7011ad59f87a4744950958dadaf4d60a5606a49f8b742b8e606,431
reed_57138505,reed,57138505,20/07/2026,2026-08-07T17:57:36.852776+00:00,other_analyst,natural,,58e3741204c3eecd6dad1345a6054df67f4bb17602fffa634fdd7bcfb9e69565,84cabc994b45dc6cb921ebe5d93032a794354332ccee586838d18407c98789bb,432
reed_57138766,reed,57138766,20/07/2026,2026-08-07T17:57:36.852875+00:00,other_analyst,natural,,ba25a39bb31f0ccc652aa5641b522534fc90761057c53ac2f2379cf132bb29f1,bf8cefd0b13c68ea8d967b05d62a0d797ef4b4733da236257f1e5d4be1ff0b55,433
reed_57138864,reed,57138864,20/07/2026,2026-08-07T17:57:36.853273+00:00,other_analyst,natural,,de74ffe539fbe5381169ed713bee51379744fcf382c0432e2e9b8d5970ab6459,26cfa98e311bcf69c5fd35ab1e257bcb079833a6b14b04313509d0b23be0b3c8,434
reed_57139098,reed,57139098,20/07/2026,2026-08-07T17:57:36.853545+00:00,other_analyst,natural,,d12abbddb2f2190af0a96439e21dabb3e6ba1b359f62894b6eae18f23d7a5ca8,7aee84da8c06d9e0b284eb14f905cc6b5678418c349efc5a64860ada51f27dc9,436
reed_57139364,reed,57139364,20/07/2026,2026-08-07T17:57:36.853639+00:00,business analyst,natural,,0e615c7f2925f5a256fdc29d224d5940a09b2b7fe20f2595bb8208dd22c0278f,069e543f80ffc8b792875d4b593b9a8bf962f45bc8421e04178ea6c24886f53a,437
reed_57139395,reed,57139395,20/07/2026,2026-08-07T17:57:36.853826+00:00,other_analyst,natural,,c4c34c87372831d29ae36b571a8180b943ee1bd36ca31643ab9e6273ac4fef14,86fddedbef75d2db46a2ee44720c30f3cdc34365a05d951fe5fac48a67df2c5c,438
reed_57139860,reed,57139860,20/07/2026,2026-08-07T17:57:36.854062+00:00,finance analyst,natural,,c68fb7a63e9a4d90dac9608cbe04d993744a7e74baebef8c1c9fe6cc176a21a0,184db3302379478d8361043a43c193f1765f29eeab7563105f2bbb1e22b1c81d,440
reed_57140632,reed,57140632,20/07/2026,2026-08-07T17:57:36.855161+00:00,business analyst,challenge,C1_lexical_low_coverage_semantic_disagreement,4cd1b7e8dd210273e7d6c4a5548446f3225eda4ed60ba0a1f54cb348df7c15b2,83c5a1899292666f7b1966864ef5f8343b81b83785a266add5856301b890bdc3,445
reed_57140972,reed,57140972,20/07/2026,2026-08-07T17:57:36.855398+00:00,other_analyst,challenge,C3_role_terminology_edge,ab5b459de7b0d2949908a7b81ce4d2999d44866c385fdc7b9856f85ba93843d4,d7bcd8947b6a53fc4d2e71eb467fcba85686b7c7848406e70f5a4aa69a554f16,447
reed_57141020,reed,57141020,20/07/2026,2026-08-07T17:57:36.855520+00:00,finance analyst,natural,,cda18c383fd8b9477f4de28320579d0602104742e27cfcb9abd47e6f2b131a1c,40c506a6a42ee5190ee65195528a3574ebdae486a9b96a097b2c3e54f747d835,449
reed_57141056,reed,57141056,20/07/2026,2026-08-07T17:57:36.855618+00:00,other_analyst,natural,,3ac8c4aa93d77d7d818e43f19eccbb77e10d955eeae01d1eac206f3d15ff05bc,532a249e1441adea0319363118073a675afdc368f64cadf2e1423e9f702319a4,450
reed_57141094,reed,57141094,20/07/2026,2026-08-07T17:57:36.855693+00:00,other_analyst,natural,,b8735c8bd3a8f331fa884313921c66fcdf2b365d87d023dc7caf4f19cc16aa72,c9fdab1b802afad16432b6b4720c581f167380218dea7cc79248c7e6549d2ae8,451
reed_57141119,reed,57141119,20/07/2026,2026-08-07T17:57:36.855747+00:00,business analyst,challenge,C1_lexical_low_coverage_semantic_disagreement,456283ce5077a8a54e4b8e7e7d5bb8698a7afb2782e59b6cf4f91e802c5a08eb,3fcc60e399be4cd537275027cd170e52a0252e842b993891cad18c3bf867c317,452
reed_57141304,reed,57141304,20/07/2026,2026-08-07T17:57:36.855896+00:00,other_analyst,natural,,02715ce689d028f1221aa13d16feb96e211f68bd9c4f2b5fa1261a1cb1aab014,4f62ea65c79e36a0698c508d5d841d1e93e58063cd58cdb79db8779d93434603,453
reed_57141635,reed,57141635,20/07/2026,2026-08-07T17:57:36.856359+00:00,other_analyst,natural,,1f17b7e77d35adfaf0dff69229f72cedfef3413d2824be5bd6554842717da341,2ceafabc84491658ef6f59354f0e1d746a0dc1d75d7b943b382fff507708c40d,457
reed_57141684,reed,57141684,20/07/2026,2026-08-07T17:57:36.859397+00:00,finance analyst,natural,,d220489bf114b3aa10ece17936ba725747ae675cb3e467362f364bcd16cda8a4,cc4d91b1df198eac0ee3a275327689adb36c891807c584363eb31b408e55e022,474
reed_57141908,reed,57141908,20/07/2026,2026-08-07T17:57:36.859814+00:00,other_analyst,natural,,0e8ec6841c12afb2b93366d4c33176d45d27a3fb6b1dfc4ffcb4ee6694c11e3e,816abbfa4bc9f219951720a750d1c691003fc8ef9621cc24e16af269c8a6c7c0,476
reed_57141958,reed,57141958,20/07/2026,2026-08-07T17:57:36.860062+00:00,other_analyst,natural,,2ed1ddf6f915045d04cb24508dcd72dde9e92d9945988d55c346747ee158d776,33312a27db9eeeb13cf889903fc4e4af3b02d732075bd66e31b21581a35ec609,478
reed_57142111,reed,57142111,20/07/2026,2026-08-07T17:57:36.860303+00:00,finance analyst,natural,,45a025a58d90bb3722ffe971b39e149aa5aa5f640e47825157fce8b1bbf5e9aa,9d5225e0d0388e61cc199c8d85b7bb1a13c4ca61e4d29ca576812cde537b8e4f,481
reed_57142124,reed,57142124,20/07/2026,2026-08-07T17:57:36.860368+00:00,other_analyst,challenge,C1_lexical_low_coverage_semantic_disagreement,2474377cc82b9aa49ab32d1fd858ee3d2e070044b75a384a30c90c91cb2ceddf,10f72ddee50a557b279786a64bd8ebe75c63e5f331167612b9ecce454f31b0d1,482
reed_57142478,reed,57142478,20/07/2026,2026-08-07T17:57:36.860791+00:00,other_analyst,natural,,a88614f340b34efd6f0a25e449e35faf13a2a3ce2a5decce1614c35204407875,101e39590b127cdfcafa0cb41a6e51b276dd4b3d74f0c3b3f3f04d7b8c1dc74e,485
reed_57142528,reed,57142528,20/07/2026,2026-08-07T17:57:36.861015+00:00,other_analyst,natural,,451deaebe03e47ae891433107df5d140e7f94c5e1642d79217d8ae9ae425d501,467789e2ab3c522fe334230581caa998d8adf7d9deba108c23b1046de0d069db,486
reed_57142589,reed,57142589,20/07/2026,2026-08-07T17:57:36.861109+00:00,finance analyst,natural,,6d6d94dbd78649459ca004ddb4c392a5c6cce441e1a54b145404670cbdd007e9,fe9b5412027f6df237d366859f03cc28582d920e0783b615346570a3536d5a33,487
reed_57142839,reed,57142839,21/07/2026,2026-08-07T17:57:36.861220+00:00,business analyst,natural,,9b7f2db8a27f77424df8557c26fbb05fa1d11bdb7783ccf5926994384889e891,61195e9f1eb8ef540892c1a62c1afaf30f700ca1b5d56f4be53e3341a77663ca,488
reed_57142959,reed,57142959,21/07/2026,2026-08-07T17:57:36.864365+00:00,data analyst,natural,,bcd7059634e9d6d6dc4c3331563501cefe3e80934a98ddfbb1fd59ee103111a8,36b185dc7a3009a6eb59e462a681408c98d5d270f6e7d13893a5979a093c6f28,490
reed_57143501,reed,57143501,21/07/2026,2026-08-07T17:57:36.867525+00:00,finance analyst,natural,,d06a9951302c1b73787bdc5495a4d693e9afe825631b98fe8c4ddf4439aec087,f02a7fd3456234fcb8831c6b3550967bc0a4c5f5bc2b024402183bf9bc759331,492
reed_57143703,reed,57143703,21/07/2026,2026-08-07T17:57:36.868021+00:00,other_analyst,natural,,64572136a4968ca50d7968e2e98697ff05770399f6863c357ec8f3dc12cea833,a5c20995f58d83ff416e9d82da67a9e0447cdf51274bc74994a90d994cc75893,495
reed_57144568,reed,57144568,21/07/2026,2026-08-07T17:57:36.868161+00:00,other_analyst,challenge,C3_role_terminology_edge,cc3b61a8d18c17a37e73d8ea71e776d2a18ab6e313c8ecb1a866f395d579c20d,bd25c72efef285f4b857f188e6e04bc3f13d2db7550f2b4451bf03d68d4134c4,497
reed_57145112,reed,57145112,21/07/2026,2026-08-07T17:57:36.868456+00:00,other_analyst,natural,,2508d2ba07b72af28ae46980668c61104a5924773159d8e3c1578195d8319ab9,c031745b2731cd419c965ad9617f496904b10cfd6a3c4fa508ae459a121c4e07,498
reed_57145199,reed,57145199,21/07/2026,2026-08-07T17:57:36.868556+00:00,business analyst,natural,,e7f03390fbfa2bc86d233269c253276a774e00a5f589623676fccfce1415c680,ff690f87e6c855da653c43ba66e3f75fdb19a56bcadade3086238b19daf03d28,499
reed_57146043,reed,57146043,21/07/2026,2026-08-07T17:57:36.868828+00:00,other_analyst,challenge,C2_lexical_ambiguity_homonym,f7c56c306b2b0c5c2f844927c0cec33b457f26360230b5d4ab9bb9e761db404e,6281b73bd15df6f935d20ae691c48e90664177548239fd75213abf9d372b6a74,501
reed_57146243,reed,57146243,21/07/2026,2026-08-07T17:57:36.868901+00:00,finance analyst,natural,,3e611932e7e4d3fb85e4345f60ab0056933068ffc485ee5292aff986ffcc5ca6,a88ac8157b7745848ba6616f0800709765b169145ad7a16d03922f0d113be0ae,502
reed_57146652,reed,57146652,21/07/2026,2026-08-07T17:57:36.869497+00:00,other_analyst,natural,,c166b370a0a6f8c2cf0c15f51613fdcfe2a13bdd7093b046fa8369bb04399604,d2c7b1e5bf042929e9b8d2c86e9e002e3e7aa467966b777b90b4d47b97699ef2,506
reed_57146663,reed,57146663,21/07/2026,2026-08-07T17:57:36.869668+00:00,other_analyst,natural,,d17170c7d2c84ba2d6a9ceea19ea5d978973eef5310476e5dddfea65706bfdf3,c1d994ad876ad9b150e233b2272808609475b19d3e004bf475ada3c3e1e23450,507
reed_57146745,reed,57146745,21/07/2026,2026-08-07T17:57:36.869907+00:00,other_analyst,natural,,1731661823ff5e8346400412a462b786d272863ab069b045eb170e9e1a85730b,d63c1f7b889278d72d1f229110ca30d8b5295399a8171007478e8fb736585fa4,509
reed_57146969,reed,57146969,21/07/2026,2026-08-07T17:57:36.870269+00:00,other_analyst,natural,,c15ed975d360081df72ed2e3f8edc4c2b4beafacd6739d5825a3367a867eb118,e6828dc3cfc69bfcf3b8383c76a44407f84a60cbd00c2e37b280550e94d60ca9,511
reed_57147074,reed,57147074,21/07/2026,2026-08-07T17:57:36.870408+00:00,data analyst,natural,,0dd2ad857fb2460c0886d2ba447a6365570db7db16ec264b6f0e01eb8886a68d,b4f15a63cbb56c10cb73f4795bd6833e9b4a81cea0e0c37ebf31ec79e2adc918,512
reed_57147149,reed,57147149,21/07/2026,2026-08-07T17:57:36.870712+00:00,other_analyst,natural,,10f710e692adf095efa84560261c0d002d307e4c570ad1a187e0d560afdc6f00,ebf4f0d514f3c69e0a62dfaed69d454df6d81817f8bb845953306e2b19e63e8e,514
reed_57147163,reed,57147163,21/07/2026,2026-08-07T17:57:36.870993+00:00,finance analyst,natural,,edf52f69a7eaaf089f842a3c4ee3696a38f0da2d66aba6a379d128b5b69d2cd6,0c19feb34e9d89f7de2445c89fe1653082a40475354e178a46c4f0454500404f,516
reed_57147506,reed,57147506,22/07/2026,2026-08-07T17:57:36.871564+00:00,data analyst,natural,,3212152460162bb071c810ed47002e2eb2e0d3647ff37d76f019740104fe6eac,9b0acc3b785a1d4538c5e750dc865a4d9ae19d8f3d1c2164d88da5bdc5501202,517
reed_57147600,reed,57147600,22/07/2026,2026-08-07T17:57:36.872855+00:00,data analyst,natural,,15e1dfd0c382a5c0e1550c77f006e793a3bc6e23cda1ed30c051b3d13480718c,6a1aefe4bd22081f201a627d6ef12a9bd99e3bb13b19c2574cfd4b012576f771,518
reed_57147732,reed,57147732,22/07/2026,2026-08-07T17:57:36.874224+00:00,business analyst,challenge,C1_lexical_low_coverage_semantic_disagreement,b4b4d9c44526a8cf843d5b73efe4384a7a0bc4db24334cf9adf6c5a1a0260e88,ddacb3633d80d5dbf90111765a5a2c60f7955e47daaf2eea1446988571b0c1af,519
reed_57147878,reed,57147878,22/07/2026,2026-08-07T17:57:36.876873+00:00,finance analyst,challenge,C2_lexical_ambiguity_homonym,a6371b7b056a406ff928970875daa4c62b95cb8ccd2222257d4e37550487e4c7,cad8422c6b1a7036f24c91433d5acfed143b2ee9b9a2f0c25616fc1ccefe38da,520
reed_57148109,reed,57148109,22/07/2026,2026-08-07T17:57:36.878019+00:00,business analyst,challenge,C1_lexical_low_coverage_semantic_disagreement,34556f94ce49ad98d1e866c6aaba3be75b4432de078de8e71c0d60f9e7bb2a3f,e1310b2caa2de348bfea04db3d79dd53b8adf142e4e1c0976e0ad2c072135e4b,522
reed_57148132,reed,57148132,22/07/2026,2026-08-07T17:57:36.878121+00:00,finance analyst,challenge,C2_lexical_ambiguity_homonym,ce32b817a8a899d6e3e00c39444f1a5f82789209ee642e0788019c62de7a3b4a,b9ee10af5b96b595540b6bac0e9486fbbe429f04af1339d6e21470c88ed903a1,523
reed_57148244,reed,57148244,22/07/2026,2026-08-07T17:57:36.878249+00:00,finance analyst,natural,,5fc2caca552f360f793fa4ce0d62578802f69e573acf68fd3c0a15c4e3352795,afa4eb74ca156ee57a390eb56a0f75f0066948fa84adb06e70e6c4020898c9ca,524
reed_57148602,reed,57148602,22/07/2026,2026-08-07T17:57:36.878503+00:00,other_analyst,natural,,543482c95a3f51902efd35e2662262df02eacb45e15e47506141122270c13e69,10342924eac99f409ff5a072bdd3796684363b8be0b5902fdc4e07a4cc62f5e0,525
reed_57148642,reed,57148642,22/07/2026,2026-08-07T17:57:36.878700+00:00,business analyst,natural,,4bc879f6f5b883dd3173fbcfb6d6d1644942e94cc69c5b3da023dc11225e9166,5bdd4423b0db63d578b4dbbb3f612bed810d2d1f516e1bd7b12e179d571b52e0,526
